공연명,공연코드,좌석등급,판매일,수량,판매채널,매출액
Music Festi,CONCERT005,S,2015년 05월 14일,2,전화예매,"150,000"
BTTS Seoul Tour,CONCERT002,S,2015년 06월 05일,2,전화예매,"6,000,000"
YGG Special,CONCERT003,S,2015년 07월 01일,2,전화예매,"240,000"
Art Stage,CONCERT005,S,2015년 07월 23일,2,전화예매,"210,000"
BTTS Seoul Tour,CONCERT002,S,2015년 07월 30일,2,전화예매,"6,000,000"
Room Number,PLAY008,S,2015년 09월 10일,2,전화예매,"66,000"
Room Number,PLAY008,S,2015년 09월 24일,2,전화예매,"66,000"
천사 이야기,MUSCIAL004,S,2015년 11월 01일,2,전화예매,"240,000"
Music Festi,CONCERT005,S,2016년 01월 06일,2,전화예매,"150,000"
나희의 잡화점,PLAY005,S,2016년 01월 18일,2,전화예매,"84,000"
BTTS Seoul Tour,CONCERT002,S,2016년 01월 26일,2,전화예매,"6,000,000"
YGG Special,CONCERT003,S,2016년 03월 24일,2,전화예매,"240,000"
Rocky,MUSCIAL002,S,2016년 04월 14일,2,전화예매,"330,000"
BTTS Seoul Tour,CONCERT002,S,2016년 05월 22일,2,전화예매,"6,000,000"
YGG Special,CONCERT003,S,2016년 06월 23일,2,전화예매,"240,000"
Music Festi,CONCERT005,S,2016년 07월 22일,2,전화예매,"150,000"
Rocky,MUSCIAL002,S,2016년 08월 17일,2,전화예매,"330,000"
옥탑방,PLAY003,S,2016년 12월 04일,2,전화예매,"60,000"
Art Stage,CONCERT005,S,2016년 12월 23일,2,전화예매,"210,000"
천사 이야기,MUSCIAL004,S,2017년 02월 05일,2,전화예매,"240,000"
Matilada,MUSCIAL001,S,2017년 02월 22일,2,전화예매,"450,000"
옥탑방,PLAY003,S,2017년 04월 05일,2,전화예매,"60,000"
Room Number,PLAY008,S,2017년 04월 14일,2,전화예매,"66,000"
작업의 정식,PLAY002,S,2017년 05월 09일,2,전화예매,"75,000"
옥탑방,PLAY003,S,2017년 07월 09일,2,전화예매,"60,000"
Rocky,MUSCIAL002,S,2017년 07월 15일,2,전화예매,"330,000"
YGG Special,CONCERT003,S,2017년 09월 19일,2,전화예매,"240,000"
Rocky,MUSCIAL002,S,2017년 11월 05일,2,전화예매,"330,000"
Music Festi,CONCERT005,S,2017년 11월 26일,2,전화예매,"150,000"
BTTS Seoul Tour,CONCERT002,S,2017년 12월 26일,2,전화예매,"6,000,000"
작업의 정식,PLAY002,S,2018년 01월 16일,2,전화예매,"75,000"
Music Festi,CONCERT005,S,2018년 02월 16일,2,전화예매,"150,000"
Room Number,PLAY008,S,2018년 07월 02일,2,전화예매,"66,000"
작업의 정식,PLAY002,S,2018년 07월 25일,2,전화예매,"75,000"
작업의 정식,PLAY002,S,2018년 08월 11일,2,전화예매,"75,000"
Matilada,MUSCIAL001,S,2018년 09월 05일,2,전화예매,"450,000"
Music Festi,CONCERT005,S,2018년 10월 03일,2,전화예매,"150,000"
YGG Special,CONCERT003,S,2018년 10월 04일,2,전화예매,"240,000"
YGG Special,CONCERT003,S,2018년 10월 13일,2,전화예매,"240,000"
BTTS Seoul Tour,CONCERT002,S,2018년 11월 10일,2,전화예매,"6,000,000"
작업의 정식,PLAY002,S,2015년 04월 18일,2,티켓링크(외부),"75,000"
옥탑방,PLAY003,S,2015년 04월 24일,2,티켓링크(외부),"60,000"
천사 이야기,MUSCIAL004,S,2015년 05월 04일,2,티켓링크(외부),"240,000"
옥탑방,PLAY003,S,2015년 07월 05일,2,티켓링크(외부),"60,000"
옥탑방,PLAY003,S,2015년 09월 09일,2,티켓링크(외부),"60,000"
옥탑방,PLAY003,S,2015년 09월 30일,2,티켓링크(외부),"60,000"
Matilada,MUSCIAL001,S,2015년 10월 03일,2,티켓링크(외부),"450,000"
Music Festi,CONCERT005,S,2015년 11월 13일,2,티켓링크(외부),"150,000"
YGG Special,CONCERT003,S,2015년 12월 25일,2,티켓링크(외부),"240,000"
천사 이야기,MUSCIAL004,S,2016년 03월 03일,2,티켓링크(외부),"240,000"
매디슨 다리,MUSCIAL003,S,2016년 07월 19일,2,티켓링크(외부),"270,000"
매디슨 다리,MUSCIAL003,S,2016년 07월 23일,2,티켓링크(외부),"270,000"
작업의 정식,PLAY002,S,2016년 08월 03일,2,티켓링크(외부),"75,000"
매디슨 다리,MUSCIAL003,S,2016년 08월 31일,2,티켓링크(외부),"270,000"
매디슨 다리,MUSCIAL003,S,2016년 11월 29일,2,티켓링크(외부),"270,000"
YGG Special,CONCERT003,S,2017년 02월 11일,2,티켓링크(외부),"240,000"
Music Festi,CONCERT005,S,2017년 03월 25일,2,티켓링크(외부),"150,000"
Music Festi,CONCERT005,S,2017년 04월 12일,2,티켓링크(외부),"150,000"
Music Festi,CONCERT005,S,2017년 05월 29일,2,티켓링크(외부),"150,000"
Matilada,MUSCIAL001,S,2017년 08월 27일,2,티켓링크(외부),"450,000"
BTTS Seoul Tour,CONCERT002,S,2017년 08월 28일,2,티켓링크(외부),"6,000,000"
나희의 잡화점,PLAY005,S,2017년 08월 31일,2,티켓링크(외부),"84,000"
매디슨 다리,MUSCIAL003,S,2017년 09월 12일,2,티켓링크(외부),"270,000"
Matilada,MUSCIAL001,S,2017년 09월 19일,2,티켓링크(외부),"450,000"
Matilada,MUSCIAL001,S,2017년 12월 08일,2,티켓링크(외부),"450,000"
Matilada,MUSCIAL001,S,2017년 12월 17일,2,티켓링크(외부),"450,000"
Room Number,PLAY008,S,2018년 02월 20일,2,티켓링크(외부),"66,000"
YGG Special,CONCERT003,S,2018년 03월 01일,2,티켓링크(외부),"240,000"
매디슨 다리,MUSCIAL003,S,2018년 04월 22일,2,티켓링크(외부),"270,000"
Room Number,PLAY008,S,2018년 05월 20일,2,티켓링크(외부),"66,000"
나희의 잡화점,PLAY005,S,2018년 06월 21일,2,티켓링크(외부),"84,000"
YGG Special,CONCERT003,S,2018년 06월 24일,2,티켓링크(외부),"240,000"
Matilada,MUSCIAL001,S,2018년 08월 29일,2,티켓링크(외부),"450,000"
매디슨 다리,MUSCIAL003,S,2018년 10월 03일,2,티켓링크(외부),"270,000"
Music Festi,CONCERT005,S,2018년 10월 16일,2,티켓링크(외부),"150,000"
Room Number,PLAY008,S,2018년 12월 08일,2,티켓링크(외부),"66,000"
Matilada,MUSCIAL001,S,2015년 04월 21일,2,현장판매,"450,000"
Rocky,MUSCIAL002,S,2015년 04월 26일,2,현장판매,"330,000"
옥탑방,PLAY003,S,2015년 05월 05일,2,현장판매,"60,000"
Room Number,PLAY008,S,2015년 07월 27일,2,현장판매,"66,000"
YGG Special,CONCERT003,S,2015년 08월 10일,2,현장판매,"240,000"
매디슨 다리,MUSCIAL003,S,2015년 10월 26일,2,현장판매,"270,000"
BTTS Seoul Tour,CONCERT002,S,2015년 11월 05일,2,현장판매,"6,000,000"
나희의 잡화점,PLAY005,S,2015년 11월 06일,2,현장판매,"84,000"
매디슨 다리,MUSCIAL003,S,2015년 11월 17일,2,현장판매,"270,000"
Room Number,PLAY008,S,2015년 12월 10일,2,현장판매,"66,000"
Matilada,MUSCIAL001,S,2015년 12월 11일,2,현장판매,"450,000"
Music Festi,CONCERT005,S,2016년 03월 11일,2,현장판매,"150,000"
YGG Special,CONCERT003,S,2016년 03월 26일,2,현장판매,"240,000"
BTTS Seoul Tour,CONCERT002,S,2016년 04월 08일,2,현장판매,"6,000,000"
Matilada,MUSCIAL001,S,2016년 05월 05일,2,현장판매,"450,000"
작업의 정식,PLAY002,S,2016년 05월 07일,2,현장판매,"75,000"
Matilada,MUSCIAL001,S,2016년 05월 12일,2,현장판매,"450,000"
옥탑방,PLAY003,S,2016년 06월 03일,2,현장판매,"60,000"
Rocky,MUSCIAL002,S,2016년 07월 06일,2,현장판매,"330,000"
Rocky,MUSCIAL002,S,2016년 07월 22일,2,현장판매,"330,000"
나희의 잡화점,PLAY005,S,2016년 08월 02일,2,현장판매,"84,000"
나희의 잡화점,PLAY005,S,2016년 08월 20일,2,현장판매,"84,000"
BTTS Seoul Tour,CONCERT002,S,2016년 08월 21일,2,현장판매,"6,000,000"
Art Stage,CONCERT005,S,2016년 08월 23일,2,현장판매,"210,000"
Room Number,PLAY008,S,2016년 10월 03일,2,현장판매,"66,000"
작업의 정식,PLAY002,S,2016년 10월 13일,2,현장판매,"75,000"
BTTS Seoul Tour,CONCERT002,S,2016년 11월 16일,2,현장판매,"6,000,000"
천사 이야기,MUSCIAL004,S,2016년 12월 21일,2,현장판매,"240,000"
Matilada,MUSCIAL001,S,2017년 02월 06일,2,현장판매,"450,000"
BTTS Seoul Tour,CONCERT002,S,2017년 02월 08일,2,현장판매,"6,000,000"
Music Festi,CONCERT005,S,2017년 03월 04일,2,현장판매,"150,000"
YGG Special,CONCERT003,S,2017년 03월 21일,2,현장판매,"240,000"
천사 이야기,MUSCIAL004,S,2017년 04월 11일,2,현장판매,"240,000"
Music Festi,CONCERT005,S,2017년 04월 18일,2,현장판매,"150,000"
Matilada,MUSCIAL001,S,2017년 04월 26일,2,현장판매,"450,000"
나희의 잡화점,PLAY005,S,2017년 05월 16일,2,현장판매,"84,000"
YGG Special,CONCERT003,S,2017년 05월 28일,2,현장판매,"240,000"
천사 이야기,MUSCIAL004,S,2017년 07월 16일,2,현장판매,"240,000"
Art Stage,CONCERT005,S,2017년 07월 22일,2,현장판매,"210,000"
Room Number,PLAY008,S,2017년 07월 31일,2,현장판매,"66,000"
매디슨 다리,MUSCIAL003,S,2017년 09월 23일,2,현장판매,"270,000"
Rocky,MUSCIAL002,S,2017년 11월 13일,2,현장판매,"330,000"
나희의 잡화점,PLAY005,S,2017년 11월 23일,2,현장판매,"84,000"
나희의 잡화점,PLAY005,S,2017년 12월 12일,2,현장판매,"84,000"
천사 이야기,MUSCIAL004,S,2018년 01월 04일,2,현장판매,"240,000"
옥탑방,PLAY003,S,2018년 01월 27일,2,현장판매,"60,000"
YGG Special,CONCERT003,S,2018년 02월 08일,2,현장판매,"240,000"
작업의 정식,PLAY002,S,2018년 02월 08일,2,현장판매,"75,000"
Matilada,MUSCIAL001,S,2018년 03월 06일,2,현장판매,"450,000"
Room Number,PLAY008,S,2018년 03월 20일,2,현장판매,"66,000"
옥탑방,PLAY003,S,2018년 04월 10일,2,현장판매,"60,000"
나희의 잡화점,PLAY005,S,2018년 05월 20일,2,현장판매,"84,000"
옥탑방,PLAY003,S,2018년 06월 08일,2,현장판매,"60,000"
YGG Special,CONCERT003,S,2018년 07월 12일,2,현장판매,"240,000"
Music Festi,CONCERT005,S,2018년 07월 14일,2,현장판매,"150,000"
Matilada,MUSCIAL001,S,2018년 07월 28일,2,현장판매,"450,000"
Art Stage,CONCERT005,S,2018년 09월 03일,2,현장판매,"210,000"
천사 이야기,MUSCIAL004,S,2018년 09월 24일,2,현장판매,"240,000"
나희의 잡화점,PLAY005,S,2018년 10월 15일,2,현장판매,"84,000"
Rocky,MUSCIAL002,S,2018년 10월 25일,2,현장판매,"330,000"
천사 이야기,MUSCIAL004,S,2015년 07월 29일,2,홈페이지,"240,000"
Art Stage,CONCERT005,S,2015년 10월 16일,2,홈페이지,"210,000"
Art Stage,CONCERT005,S,2015년 10월 21일,2,홈페이지,"210,000"
옥탑방,PLAY003,S,2015년 11월 03일,2,홈페이지,"60,000"
Matilada,MUSCIAL001,S,2016년 03월 03일,2,홈페이지,"450,000"
Rocky,MUSCIAL002,S,2016년 03월 07일,2,홈페이지,"330,000"
나희의 잡화점,PLAY005,S,2016년 06월 08일,2,홈페이지,"84,000"
Rocky,MUSCIAL002,S,2016년 06월 13일,2,홈페이지,"330,000"
작업의 정식,PLAY002,S,2016년 07월 25일,2,홈페이지,"75,000"
Matilada,MUSCIAL001,S,2016년 09월 17일,2,홈페이지,"450,000"
YGG Special,CONCERT003,S,2016년 09월 19일,2,홈페이지,"240,000"
Matilada,MUSCIAL001,S,2016년 10월 11일,2,홈페이지,"450,000"
Art Stage,CONCERT005,S,2016년 11월 04일,2,홈페이지,"210,000"
Matilada,MUSCIAL001,S,2017년 02월 09일,2,홈페이지,"450,000"
YGG Special,CONCERT003,S,2017년 02월 12일,2,홈페이지,"240,000"
Rocky,MUSCIAL002,S,2017년 03월 01일,2,홈페이지,"330,000"
천사 이야기,MUSCIAL004,S,2017년 04월 08일,2,홈페이지,"240,000"
Art Stage,CONCERT005,S,2017년 05월 29일,2,홈페이지,"210,000"
나희의 잡화점,PLAY005,S,2017년 08월 29일,2,홈페이지,"84,000"
천사 이야기,MUSCIAL004,S,2017년 10월 31일,2,홈페이지,"240,000"
매디슨 다리,MUSCIAL003,S,2017년 11월 22일,2,홈페이지,"270,000"
Matilada,MUSCIAL001,S,2018년 01월 28일,2,홈페이지,"450,000"
Art Stage,CONCERT005,S,2018년 03월 07일,2,홈페이지,"210,000"
작업의 정식,PLAY002,S,2018년 03월 22일,2,홈페이지,"75,000"
매디슨 다리,MUSCIAL003,S,2018년 05월 19일,2,홈페이지,"270,000"
작업의 정식,PLAY002,S,2018년 05월 30일,2,홈페이지,"75,000"
나희의 잡화점,PLAY005,S,2018년 06월 21일,2,홈페이지,"84,000"
Art Stage,CONCERT005,S,2018년 07월 03일,2,홈페이지,"210,000"
매디슨 다리,MUSCIAL003,S,2018년 08월 28일,2,홈페이지,"270,000"
Rocky,MUSCIAL002,S,2018년 09월 12일,2,홈페이지,"330,000"
BTTS Seoul Tour,CONCERT002,S,2018년 09월 30일,2,홈페이지,"6,000,000"
천사 이야기,MUSCIAL004,S,2018년 12월 24일,2,홈페이지,"240,000"
옥탑방,PLAY003,S,2018년 12월 31일,2,홈페이지,"60,000"
Matilada,MUSCIAL001,C,2015년 04월 24일,2,전화예매,"150,000"
옥탑방,PLAY003,C,2015년 06월 17일,2,전화예매,"20,000"
나희의 잡화점,PLAY005,C,2015년 06월 22일,2,전화예매,"28,000"
YGG Special,CONCERT003,C,2015년 07월 06일,2,전화예매,"80,000"
BTTS Seoul Tour,CONCERT002,C,2015년 07월 09일,2,전화예매,"2,000,000"
천사 이야기,MUSCIAL004,C,2015년 08월 10일,2,전화예매,"80,000"
Music Festi,CONCERT005,C,2015년 09월 11일,2,전화예매,"50,000"
작업의 정식,PLAY002,C,2015년 10월 14일,2,전화예매,"25,000"
Room Number,PLAY008,C,2015년 10월 15일,2,전화예매,"22,000"
천사 이야기,MUSCIAL004,C,2015년 12월 28일,2,전화예매,"80,000"
Rocky,MUSCIAL002,C,2016년 02월 18일,2,전화예매,"110,000"
Art Stage,CONCERT005,C,2016년 04월 23일,2,전화예매,"70,000"
옥탑방,PLAY003,C,2016년 06월 19일,2,전화예매,"20,000"
Music Festi,CONCERT005,C,2016년 07월 26일,2,전화예매,"50,000"
Room Number,PLAY008,C,2016년 08월 19일,2,전화예매,"22,000"
Matilada,MUSCIAL001,C,2016년 08월 25일,2,전화예매,"150,000"
작업의 정식,PLAY002,C,2016년 09월 25일,2,전화예매,"25,000"
나희의 잡화점,PLAY005,C,2016년 10월 01일,2,전화예매,"28,000"
BTTS Seoul Tour,CONCERT002,C,2016년 10월 18일,2,전화예매,"2,000,000"
Art Stage,CONCERT005,C,2016년 11월 27일,2,전화예매,"70,000"
Rocky,MUSCIAL002,C,2017년 05월 21일,2,전화예매,"110,000"
작업의 정식,PLAY002,C,2017년 06월 02일,2,전화예매,"25,000"
작업의 정식,PLAY002,C,2017년 06월 18일,2,전화예매,"25,000"
Matilada,MUSCIAL001,C,2017년 06월 27일,2,전화예매,"150,000"
천사 이야기,MUSCIAL004,C,2017년 07월 08일,2,전화예매,"80,000"
YGG Special,CONCERT003,C,2017년 08월 24일,2,전화예매,"80,000"
작업의 정식,PLAY002,C,2017년 12월 20일,2,전화예매,"25,000"
매디슨 다리,MUSCIAL003,C,2018년 01월 03일,2,전화예매,"90,000"
Music Festi,CONCERT005,C,2018년 01월 23일,2,전화예매,"50,000"
천사 이야기,MUSCIAL004,C,2018년 01월 31일,2,전화예매,"80,000"
BTTS Seoul Tour,CONCERT002,C,2018년 02월 03일,2,전화예매,"2,000,000"
BTTS Seoul Tour,CONCERT002,C,2018년 03월 05일,2,전화예매,"2,000,000"
Rocky,MUSCIAL002,C,2018년 07월 14일,2,전화예매,"110,000"
Matilada,MUSCIAL001,C,2018년 07월 31일,2,전화예매,"150,000"
천사 이야기,MUSCIAL004,C,2018년 09월 13일,2,전화예매,"80,000"
Matilada,MUSCIAL001,C,2018년 10월 03일,2,전화예매,"150,000"
Rocky,MUSCIAL002,C,2015년 05월 31일,2,티켓링크(외부),"110,000"
작업의 정식,PLAY002,C,2015년 06월 05일,2,티켓링크(외부),"25,000"
작업의 정식,PLAY002,C,2015년 06월 17일,2,티켓링크(외부),"25,000"
Music Festi,CONCERT005,C,2015년 06월 18일,2,티켓링크(외부),"50,000"
Art Stage,CONCERT005,C,2015년 06월 27일,2,티켓링크(외부),"70,000"
매디슨 다리,MUSCIAL003,C,2015년 07월 19일,2,티켓링크(외부),"90,000"
천사 이야기,MUSCIAL004,C,2015년 08월 28일,2,티켓링크(외부),"80,000"
Rocky,MUSCIAL002,C,2015년 10월 28일,2,티켓링크(외부),"110,000"
Art Stage,CONCERT005,C,2016년 01월 16일,2,티켓링크(외부),"70,000"
Room Number,PLAY008,C,2016년 02월 27일,2,티켓링크(외부),"22,000"
BTTS Seoul Tour,CONCERT002,C,2016년 06월 01일,2,티켓링크(외부),"2,000,000"
YGG Special,CONCERT003,C,2016년 08월 24일,2,티켓링크(외부),"80,000"
Art Stage,CONCERT005,C,2016년 08월 26일,2,티켓링크(외부),"70,000"
YGG Special,CONCERT003,C,2017년 02월 16일,2,티켓링크(외부),"80,000"
Rocky,MUSCIAL002,C,2017년 02월 26일,2,티켓링크(외부),"110,000"
작업의 정식,PLAY002,C,2017년 04월 25일,2,티켓링크(외부),"25,000"
BTTS Seoul Tour,CONCERT002,C,2017년 04월 27일,2,티켓링크(외부),"2,000,000"
YGG Special,CONCERT003,C,2017년 05월 26일,2,티켓링크(외부),"80,000"
Art Stage,CONCERT005,C,2017년 09월 25일,2,티켓링크(외부),"70,000"
Matilada,MUSCIAL001,C,2017년 10월 21일,2,티켓링크(외부),"150,000"
천사 이야기,MUSCIAL004,C,2017년 11월 14일,2,티켓링크(외부),"80,000"
작업의 정식,PLAY002,C,2017년 12월 05일,2,티켓링크(외부),"25,000"
Matilada,MUSCIAL001,C,2018년 01월 07일,2,티켓링크(외부),"150,000"
천사 이야기,MUSCIAL004,C,2018년 04월 16일,2,티켓링크(외부),"80,000"
Music Festi,CONCERT005,C,2018년 05월 01일,2,티켓링크(외부),"50,000"
BTTS Seoul Tour,CONCERT002,C,2018년 05월 13일,2,티켓링크(외부),"2,000,000"
나희의 잡화점,PLAY005,C,2018년 06월 09일,2,티켓링크(외부),"28,000"
작업의 정식,PLAY002,C,2018년 06월 10일,2,티켓링크(외부),"25,000"
Art Stage,CONCERT005,C,2018년 06월 26일,2,티켓링크(외부),"70,000"
Room Number,PLAY008,C,2018년 07월 01일,2,티켓링크(외부),"22,000"
Matilada,MUSCIAL001,C,2018년 07월 16일,2,티켓링크(외부),"150,000"
YGG Special,CONCERT003,C,2018년 09월 28일,2,티켓링크(외부),"80,000"
BTTS Seoul Tour,CONCERT002,C,2018년 10월 07일,2,티켓링크(외부),"2,000,000"
Rocky,MUSCIAL002,C,2018년 10월 27일,2,티켓링크(외부),"110,000"
Art Stage,CONCERT005,C,2018년 12월 11일,2,티켓링크(외부),"70,000"
천사 이야기,MUSCIAL004,C,2015년 06월 15일,2,현장판매,"80,000"
Art Stage,CONCERT005,C,2015년 06월 24일,2,현장판매,"70,000"
Art Stage,CONCERT005,C,2015년 08월 11일,2,현장판매,"70,000"
작업의 정식,PLAY002,C,2015년 08월 25일,2,현장판매,"25,000"
천사 이야기,MUSCIAL004,C,2015년 09월 01일,2,현장판매,"80,000"
Room Number,PLAY008,C,2015년 09월 06일,2,현장판매,"22,000"
Room Number,PLAY008,C,2015년 09월 14일,2,현장판매,"22,000"
BTTS Seoul Tour,CONCERT002,C,2015년 11월 22일,2,현장판매,"2,000,000"
매디슨 다리,MUSCIAL003,C,2015년 12월 29일,2,현장판매,"90,000"
YGG Special,CONCERT003,C,2016년 02월 03일,2,현장판매,"80,000"
Rocky,MUSCIAL002,C,2016년 02월 21일,2,현장판매,"110,000"
Rocky,MUSCIAL002,C,2016년 02월 23일,2,현장판매,"110,000"
작업의 정식,PLAY002,C,2016년 05월 16일,2,현장판매,"25,000"
YGG Special,CONCERT003,C,2016년 07월 08일,2,현장판매,"80,000"
Matilada,MUSCIAL001,C,2016년 07월 30일,2,현장판매,"150,000"
옥탑방,PLAY003,C,2016년 08월 25일,2,현장판매,"20,000"
옥탑방,PLAY003,C,2016년 10월 06일,2,현장판매,"20,000"
작업의 정식,PLAY002,C,2016년 11월 17일,2,현장판매,"25,000"
나희의 잡화점,PLAY005,C,2017년 03월 10일,2,현장판매,"28,000"
YGG Special,CONCERT003,C,2017년 04월 20일,2,현장판매,"80,000"
Matilada,MUSCIAL001,C,2017년 05월 31일,2,현장판매,"150,000"
나희의 잡화점,PLAY005,C,2017년 06월 03일,2,현장판매,"28,000"
Matilada,MUSCIAL001,C,2017년 08월 04일,2,현장판매,"150,000"
Music Festi,CONCERT005,C,2017년 08월 21일,2,현장판매,"50,000"
매디슨 다리,MUSCIAL003,C,2017년 08월 30일,2,현장판매,"90,000"
옥탑방,PLAY003,C,2017년 10월 11일,2,현장판매,"20,000"
YGG Special,CONCERT003,C,2017년 10월 16일,2,현장판매,"80,000"
Art Stage,CONCERT005,C,2017년 12월 09일,2,현장판매,"70,000"
옥탑방,PLAY003,C,2017년 12월 20일,2,현장판매,"20,000"
Rocky,MUSCIAL002,C,2018년 02월 21일,2,현장판매,"110,000"
나희의 잡화점,PLAY005,C,2018년 06월 07일,2,현장판매,"28,000"
BTTS Seoul Tour,CONCERT002,C,2018년 06월 24일,2,현장판매,"2,000,000"
YGG Special,CONCERT003,C,2018년 07월 16일,2,현장판매,"80,000"
작업의 정식,PLAY002,C,2018년 07월 17일,2,현장판매,"25,000"
BTTS Seoul Tour,CONCERT002,C,2018년 09월 02일,2,현장판매,"2,000,000"
Music Festi,CONCERT005,C,2018년 10월 07일,2,현장판매,"50,000"
Music Festi,CONCERT005,C,2018년 10월 21일,2,현장판매,"50,000"
Room Number,PLAY008,C,2015년 06월 12일,2,홈페이지,"22,000"
BTTS Seoul Tour,CONCERT002,C,2015년 07월 17일,2,홈페이지,"2,000,000"
Art Stage,CONCERT005,C,2015년 10월 09일,2,홈페이지,"70,000"
Matilada,MUSCIAL001,C,2015년 10월 10일,2,홈페이지,"150,000"
나희의 잡화점,PLAY005,C,2015년 10월 17일,2,홈페이지,"28,000"
Room Number,PLAY008,C,2015년 11월 19일,2,홈페이지,"22,000"
Music Festi,CONCERT005,C,2016년 01월 21일,2,홈페이지,"50,000"
Room Number,PLAY008,C,2016년 02월 18일,2,홈페이지,"22,000"
매디슨 다리,MUSCIAL003,C,2016년 04월 24일,2,홈페이지,"90,000"
천사 이야기,MUSCIAL004,C,2016년 06월 08일,2,홈페이지,"80,000"
Matilada,MUSCIAL001,C,2016년 06월 23일,2,홈페이지,"150,000"
Music Festi,CONCERT005,C,2016년 08월 15일,2,홈페이지,"50,000"
나희의 잡화점,PLAY005,C,2016년 11월 09일,2,홈페이지,"28,000"
YGG Special,CONCERT003,C,2016년 11월 20일,2,홈페이지,"80,000"
BTTS Seoul Tour,CONCERT002,C,2017년 02월 03일,2,홈페이지,"2,000,000"
Matilada,MUSCIAL001,C,2017년 02월 11일,2,홈페이지,"150,000"
Art Stage,CONCERT005,C,2017년 03월 15일,2,홈페이지,"70,000"
Room Number,PLAY008,C,2017년 04월 01일,2,홈페이지,"22,000"
BTTS Seoul Tour,CONCERT002,C,2017년 04월 23일,2,홈페이지,"2,000,000"
Music Festi,CONCERT005,C,2017년 05월 07일,2,홈페이지,"50,000"
Art Stage,CONCERT005,C,2017년 07월 16일,2,홈페이지,"70,000"
옥탑방,PLAY003,C,2017년 08월 06일,2,홈페이지,"20,000"
작업의 정식,PLAY002,C,2017년 08월 14일,2,홈페이지,"25,000"
Music Festi,CONCERT005,C,2017년 08월 17일,2,홈페이지,"50,000"
옥탑방,PLAY003,C,2017년 09월 02일,2,홈페이지,"20,000"
천사 이야기,MUSCIAL004,C,2017년 10월 29일,2,홈페이지,"80,000"
옥탑방,PLAY003,C,2017년 12월 21일,2,홈페이지,"20,000"
작업의 정식,PLAY002,C,2018년 01월 20일,2,홈페이지,"25,000"
Music Festi,CONCERT005,C,2018년 01월 29일,2,홈페이지,"50,000"
BTTS Seoul Tour,CONCERT002,C,2018년 03월 07일,2,홈페이지,"2,000,000"
Matilada,MUSCIAL001,C,2018년 03월 20일,2,홈페이지,"150,000"
작업의 정식,PLAY002,C,2018년 04월 07일,2,홈페이지,"25,000"
옥탑방,PLAY003,C,2018년 05월 07일,2,홈페이지,"20,000"
YGG Special,CONCERT003,C,2018년 05월 08일,2,홈페이지,"80,000"
Rocky,MUSCIAL002,C,2018년 06월 21일,2,홈페이지,"110,000"
매디슨 다리,MUSCIAL003,C,2018년 06월 24일,2,홈페이지,"90,000"
옥탑방,PLAY003,C,2018년 07월 02일,2,홈페이지,"20,000"
Matilada,MUSCIAL001,C,2018년 10월 15일,2,홈페이지,"150,000"
YGG Special,CONCERT003,C,2018년 11월 01일,2,홈페이지,"80,000"
Rocky,MUSCIAL002,C,2018년 11월 27일,2,홈페이지,"110,000"
옥탑방,PLAY003,C,2018년 12월 19일,2,홈페이지,"20,000"
BTTS Seoul Tour,CONCERT002,B,2015년 05월 30일,2,전화예매,"3,200,000"
Rocky,MUSCIAL002,B,2015년 06월 03일,2,전화예매,"176,000"
Matilada,MUSCIAL001,B,2015년 07월 03일,2,전화예매,"240,000"
매디슨 다리,MUSCIAL003,B,2015년 07월 03일,2,전화예매,"144,000"
작업의 정식,PLAY002,B,2015년 08월 04일,2,전화예매,"40,000"
작업의 정식,PLAY002,B,2015년 09월 23일,2,전화예매,"40,000"
YGG Special,CONCERT003,B,2015년 10월 13일,2,전화예매,"128,000"
Matilada,MUSCIAL001,B,2015년 10월 13일,2,전화예매,"240,000"
Art Stage,CONCERT005,B,2015년 12월 09일,2,전화예매,"112,000"
매디슨 다리,MUSCIAL003,B,2016년 01월 10일,2,전화예매,"144,000"
Rocky,MUSCIAL002,B,2016년 02월 24일,2,전화예매,"176,000"
천사 이야기,MUSCIAL004,B,2016년 03월 09일,2,전화예매,"128,000"
BTTS Seoul Tour,CONCERT002,B,2016년 03월 20일,2,전화예매,"3,200,000"
옥탑방,PLAY003,B,2016년 06월 20일,2,전화예매,"32,000"
Matilada,MUSCIAL001,B,2016년 06월 29일,2,전화예매,"240,000"
YGG Special,CONCERT003,B,2016년 07월 05일,2,전화예매,"128,000"
Matilada,MUSCIAL001,B,2016년 07월 11일,2,전화예매,"240,000"
Matilada,MUSCIAL001,B,2016년 08월 09일,2,전화예매,"240,000"
옥탑방,PLAY003,B,2016년 08월 12일,2,전화예매,"32,000"
작업의 정식,PLAY002,B,2016년 08월 13일,2,전화예매,"40,000"
나희의 잡화점,PLAY005,B,2016년 09월 24일,2,전화예매,"44,800"
Music Festi,CONCERT005,B,2016년 10월 10일,2,전화예매,"80,000"
나희의 잡화점,PLAY005,B,2016년 10월 17일,2,전화예매,"44,800"
옥탑방,PLAY003,B,2016년 11월 06일,2,전화예매,"32,000"
Music Festi,CONCERT005,B,2016년 11월 08일,2,전화예매,"80,000"
Room Number,PLAY008,B,2016년 11월 10일,2,전화예매,"35,200"
Rocky,MUSCIAL002,B,2016년 12월 26일,2,전화예매,"176,000"
옥탑방,PLAY003,B,2017년 01월 04일,2,전화예매,"32,000"
BTTS Seoul Tour,CONCERT002,B,2017년 01월 29일,2,전화예매,"3,200,000"
Music Festi,CONCERT005,B,2017년 02월 04일,2,전화예매,"80,000"
나희의 잡화점,PLAY005,B,2017년 03월 06일,2,전화예매,"44,800"
Art Stage,CONCERT005,B,2017년 05월 02일,2,전화예매,"112,000"
Room Number,PLAY008,B,2017년 10월 12일,2,전화예매,"35,200"
Art Stage,CONCERT005,B,2017년 10월 13일,2,전화예매,"112,000"
매디슨 다리,MUSCIAL003,B,2018년 01월 30일,2,전화예매,"144,000"
Matilada,MUSCIAL001,B,2018년 04월 20일,2,전화예매,"240,000"
Rocky,MUSCIAL002,B,2018년 04월 24일,2,전화예매,"176,000"
Art Stage,CONCERT005,B,2018년 06월 21일,2,전화예매,"112,000"
나희의 잡화점,PLAY005,B,2018년 07월 02일,2,전화예매,"44,800"
Art Stage,CONCERT005,B,2018년 07월 27일,2,전화예매,"112,000"
매디슨 다리,MUSCIAL003,B,2018년 07월 30일,2,전화예매,"144,000"
작업의 정식,PLAY002,B,2018년 09월 02일,2,전화예매,"40,000"
Matilada,MUSCIAL001,B,2018년 09월 25일,2,전화예매,"240,000"
Matilada,MUSCIAL001,B,2018년 11월 01일,2,전화예매,"240,000"
Room Number,PLAY008,B,2018년 12월 17일,2,전화예매,"35,200"
나희의 잡화점,PLAY005,B,2015년 07월 18일,2,티켓링크(외부),"44,800"
천사 이야기,MUSCIAL004,B,2015년 11월 19일,2,티켓링크(외부),"128,000"
YGG Special,CONCERT003,B,2015년 12월 06일,2,티켓링크(외부),"128,000"
Matilada,MUSCIAL001,B,2016년 01월 15일,2,티켓링크(외부),"240,000"
나희의 잡화점,PLAY005,B,2016년 01월 18일,2,티켓링크(외부),"44,800"
Rocky,MUSCIAL002,B,2016년 03월 16일,2,티켓링크(외부),"176,000"
YGG Special,CONCERT003,B,2016년 04월 08일,2,티켓링크(외부),"128,000"
Room Number,PLAY008,B,2016년 04월 28일,2,티켓링크(외부),"35,200"
천사 이야기,MUSCIAL004,B,2016년 05월 23일,2,티켓링크(외부),"128,000"
나희의 잡화점,PLAY005,B,2016년 07월 13일,2,티켓링크(외부),"44,800"
YGG Special,CONCERT003,B,2016년 08월 19일,2,티켓링크(외부),"128,000"
Art Stage,CONCERT005,B,2016년 10월 07일,2,티켓링크(외부),"112,000"
YGG Special,CONCERT003,B,2016년 11월 16일,2,티켓링크(외부),"128,000"
BTTS Seoul Tour,CONCERT002,B,2016년 11월 29일,2,티켓링크(외부),"3,200,000"
옥탑방,PLAY003,B,2017년 01월 29일,2,티켓링크(외부),"32,000"
Music Festi,CONCERT005,B,2017년 02월 05일,2,티켓링크(외부),"80,000"
Art Stage,CONCERT005,B,2017년 02월 20일,2,티켓링크(외부),"112,000"
작업의 정식,PLAY002,B,2017년 04월 18일,2,티켓링크(외부),"40,000"
Art Stage,CONCERT005,B,2017년 09월 07일,2,티켓링크(외부),"112,000"
BTTS Seoul Tour,CONCERT002,B,2017년 09월 08일,2,티켓링크(외부),"3,200,000"
Rocky,MUSCIAL002,B,2018년 01월 03일,2,티켓링크(외부),"176,000"
YGG Special,CONCERT003,B,2018년 01월 24일,2,티켓링크(외부),"128,000"
Art Stage,CONCERT005,B,2018년 02월 09일,2,티켓링크(외부),"112,000"
Matilada,MUSCIAL001,B,2018년 02월 12일,2,티켓링크(외부),"240,000"
Rocky,MUSCIAL002,B,2018년 06월 16일,2,티켓링크(외부),"176,000"
매디슨 다리,MUSCIAL003,B,2018년 08월 04일,2,티켓링크(외부),"144,000"
Rocky,MUSCIAL002,B,2018년 08월 12일,2,티켓링크(외부),"176,000"
작업의 정식,PLAY002,B,2018년 12월 16일,2,티켓링크(외부),"40,000"
옥탑방,PLAY003,B,2015년 04월 09일,2,현장판매,"32,000"
매디슨 다리,MUSCIAL003,B,2015년 08월 07일,2,현장판매,"144,000"
Music Festi,CONCERT005,B,2015년 10월 11일,2,현장판매,"80,000"
YGG Special,CONCERT003,B,2015년 10월 17일,2,현장판매,"128,000"
Music Festi,CONCERT005,B,2015년 11월 27일,2,현장판매,"80,000"
Matilada,MUSCIAL001,B,2016년 01월 18일,2,현장판매,"240,000"
BTTS Seoul Tour,CONCERT002,B,2016년 02월 25일,2,현장판매,"3,200,000"
Room Number,PLAY008,B,2016년 04월 05일,2,현장판매,"35,200"
옥탑방,PLAY003,B,2016년 06월 25일,2,현장판매,"32,000"
YGG Special,CONCERT003,B,2016년 06월 27일,2,현장판매,"128,000"
천사 이야기,MUSCIAL004,B,2016년 06월 29일,2,현장판매,"128,000"
Rocky,MUSCIAL002,B,2016년 08월 25일,2,현장판매,"176,000"
Matilada,MUSCIAL001,B,2016년 10월 08일,2,현장판매,"240,000"
매디슨 다리,MUSCIAL003,B,2016년 10월 11일,2,현장판매,"144,000"
BTTS Seoul Tour,CONCERT002,B,2016년 11월 11일,2,현장판매,"3,200,000"
Room Number,PLAY008,B,2017년 01월 14일,2,현장판매,"35,200"
Art Stage,CONCERT005,B,2017년 01월 26일,2,현장판매,"112,000"
Art Stage,CONCERT005,B,2017년 02월 04일,2,현장판매,"112,000"
작업의 정식,PLAY002,B,2017년 06월 30일,2,현장판매,"40,000"
작업의 정식,PLAY002,B,2017년 08월 22일,2,현장판매,"40,000"
작업의 정식,PLAY002,B,2018년 01월 31일,2,현장판매,"40,000"
작업의 정식,PLAY002,B,2018년 03월 18일,2,현장판매,"40,000"
옥탑방,PLAY003,B,2018년 03월 28일,2,현장판매,"32,000"
YGG Special,CONCERT003,B,2018년 08월 06일,2,현장판매,"128,000"
천사 이야기,MUSCIAL004,B,2018년 11월 01일,2,현장판매,"128,000"
Music Festi,CONCERT005,B,2018년 11월 12일,2,현장판매,"80,000"
천사 이야기,MUSCIAL004,B,2018년 11월 18일,2,현장판매,"128,000"
Music Festi,CONCERT005,B,2018년 12월 18일,2,현장판매,"80,000"
Rocky,MUSCIAL002,B,2015년 05월 17일,2,홈페이지,"176,000"
옥탑방,PLAY003,B,2015년 06월 20일,2,홈페이지,"32,000"
BTTS Seoul Tour,CONCERT002,B,2015년 07월 02일,2,홈페이지,"3,200,000"
BTTS Seoul Tour,CONCERT002,B,2015년 07월 14일,2,홈페이지,"3,200,000"
Art Stage,CONCERT005,B,2015년 08월 01일,2,홈페이지,"112,000"
작업의 정식,PLAY002,B,2015년 08월 08일,2,홈페이지,"40,000"
BTTS Seoul Tour,CONCERT002,B,2015년 09월 17일,2,홈페이지,"3,200,000"
작업의 정식,PLAY002,B,2015년 09월 20일,2,홈페이지,"40,000"
나희의 잡화점,PLAY005,B,2015년 10월 12일,2,홈페이지,"44,800"
작업의 정식,PLAY002,B,2015년 10월 24일,2,홈페이지,"40,000"
Art Stage,CONCERT005,B,2015년 10월 24일,2,홈페이지,"112,000"
Rocky,MUSCIAL002,B,2016년 03월 12일,2,홈페이지,"176,000"
Matilada,MUSCIAL001,B,2016년 04월 03일,2,홈페이지,"240,000"
Music Festi,CONCERT005,B,2016년 04월 08일,2,홈페이지,"80,000"
BTTS Seoul Tour,CONCERT002,B,2016년 09월 16일,2,홈페이지,"3,200,000"
천사 이야기,MUSCIAL004,B,2016년 09월 26일,2,홈페이지,"128,000"
Music Festi,CONCERT005,B,2016년 12월 25일,2,홈페이지,"80,000"
매디슨 다리,MUSCIAL003,B,2016년 12월 27일,2,홈페이지,"144,000"
매디슨 다리,MUSCIAL003,B,2017년 01월 04일,2,홈페이지,"144,000"
매디슨 다리,MUSCIAL003,B,2017년 01월 06일,2,홈페이지,"144,000"
Art Stage,CONCERT005,B,2017년 02월 06일,2,홈페이지,"112,000"
매디슨 다리,MUSCIAL003,B,2017년 02월 09일,2,홈페이지,"144,000"
나희의 잡화점,PLAY005,B,2017년 02월 14일,2,홈페이지,"44,800"
나희의 잡화점,PLAY005,B,2017년 03월 11일,2,홈페이지,"44,800"
BTTS Seoul Tour,CONCERT002,B,2017년 04월 09일,2,홈페이지,"3,200,000"
Room Number,PLAY008,B,2017년 05월 18일,2,홈페이지,"35,200"
작업의 정식,PLAY002,B,2017년 06월 22일,2,홈페이지,"40,000"
Matilada,MUSCIAL001,B,2017년 08월 18일,2,홈페이지,"240,000"
BTTS Seoul Tour,CONCERT002,B,2017년 10월 27일,2,홈페이지,"3,200,000"
Art Stage,CONCERT005,B,2017년 11월 28일,2,홈페이지,"112,000"
Music Festi,CONCERT005,B,2017년 12월 15일,2,홈페이지,"80,000"
작업의 정식,PLAY002,B,2018년 01월 31일,2,홈페이지,"40,000"
BTTS Seoul Tour,CONCERT002,B,2018년 02월 01일,2,홈페이지,"3,200,000"
Rocky,MUSCIAL002,B,2018년 07월 02일,2,홈페이지,"176,000"
BTTS Seoul Tour,CONCERT002,B,2018년 09월 15일,2,홈페이지,"3,200,000"
Room Number,PLAY008,B,2018년 10월 11일,2,홈페이지,"35,200"
천사 이야기,MUSCIAL004,B,2018년 11월 15일,2,홈페이지,"128,000"
천사 이야기,MUSCIAL004,B,2018년 11월 16일,2,홈페이지,"128,000"
Art Stage,CONCERT005,A,2015년 05월 31일,2,전화예매,"140,000"
BTTS Seoul Tour,CONCERT002,A,2015년 06월 12일,2,전화예매,"4,000,000"
천사 이야기,MUSCIAL004,A,2015년 06월 29일,2,전화예매,"160,000"
Music Festi,CONCERT005,A,2015년 07월 20일,2,전화예매,"100,000"
YGG Special,CONCERT003,A,2015년 07월 24일,2,전화예매,"160,000"
매디슨 다리,MUSCIAL003,A,2015년 08월 20일,2,전화예매,"180,000"
Music Festi,CONCERT005,A,2015년 08월 27일,2,전화예매,"100,000"
천사 이야기,MUSCIAL004,A,2015년 08월 27일,2,전화예매,"160,000"
작업의 정식,PLAY002,A,2015년 08월 27일,2,전화예매,"50,000"
Matilada,MUSCIAL001,A,2015년 10월 28일,2,전화예매,"300,000"
Rocky,MUSCIAL002,A,2015년 10월 31일,2,전화예매,"220,000"
옥탑방,PLAY003,A,2015년 11월 18일,2,전화예매,"40,000"
매디슨 다리,MUSCIAL003,A,2016년 03월 11일,2,전화예매,"180,000"
Rocky,MUSCIAL002,A,2016년 03월 12일,2,전화예매,"220,000"
Matilada,MUSCIAL001,A,2016년 04월 25일,2,전화예매,"300,000"
천사 이야기,MUSCIAL004,A,2016년 07월 18일,2,전화예매,"160,000"
BTTS Seoul Tour,CONCERT002,A,2016년 07월 28일,2,전화예매,"4,000,000"
작업의 정식,PLAY002,A,2016년 10월 31일,2,전화예매,"50,000"
천사 이야기,MUSCIAL004,A,2016년 12월 09일,2,전화예매,"160,000"
BTTS Seoul Tour,CONCERT002,A,2017년 01월 21일,2,전화예매,"4,000,000"
Room Number,PLAY008,A,2017년 03월 15일,2,전화예매,"44,000"
천사 이야기,MUSCIAL004,A,2017년 06월 14일,2,전화예매,"160,000"
천사 이야기,MUSCIAL004,A,2017년 11월 29일,2,전화예매,"160,000"
Art Stage,CONCERT005,A,2018년 02월 03일,2,전화예매,"140,000"
Matilada,MUSCIAL001,A,2018년 03월 06일,2,전화예매,"300,000"
BTTS Seoul Tour,CONCERT002,A,2018년 04월 12일,2,전화예매,"4,000,000"
매디슨 다리,MUSCIAL003,A,2018년 10월 30일,2,전화예매,"180,000"
Matilada,MUSCIAL001,A,2015년 06월 12일,2,티켓링크(외부),"300,000"
Art Stage,CONCERT005,A,2015년 06월 20일,2,티켓링크(외부),"140,000"
Art Stage,CONCERT005,A,2015년 07월 06일,2,티켓링크(외부),"140,000"
Music Festi,CONCERT005,A,2015년 07월 29일,2,티켓링크(외부),"100,000"
옥탑방,PLAY003,A,2015년 11월 21일,2,티켓링크(외부),"40,000"
천사 이야기,MUSCIAL004,A,2016년 01월 24일,2,티켓링크(외부),"160,000"
옥탑방,PLAY003,A,2016년 01월 29일,2,티켓링크(외부),"40,000"
Art Stage,CONCERT005,A,2016년 02월 10일,2,티켓링크(외부),"140,000"
Matilada,MUSCIAL001,A,2016년 02월 11일,2,티켓링크(외부),"300,000"
Art Stage,CONCERT005,A,2016년 02월 27일,2,티켓링크(외부),"140,000"
Matilada,MUSCIAL001,A,2016년 02월 29일,2,티켓링크(외부),"300,000"
Art Stage,CONCERT005,A,2016년 03월 22일,2,티켓링크(외부),"140,000"
Art Stage,CONCERT005,A,2016년 04월 04일,2,티켓링크(외부),"140,000"
BTTS Seoul Tour,CONCERT002,A,2016년 05월 03일,2,티켓링크(외부),"4,000,000"
작업의 정식,PLAY002,A,2016년 05월 26일,2,티켓링크(외부),"50,000"
Matilada,MUSCIAL001,A,2016년 06월 27일,2,티켓링크(외부),"300,000"
작업의 정식,PLAY002,A,2016년 09월 23일,2,티켓링크(외부),"50,000"
매디슨 다리,MUSCIAL003,A,2016년 10월 01일,2,티켓링크(외부),"180,000"
작업의 정식,PLAY002,A,2016년 10월 20일,2,티켓링크(외부),"50,000"
천사 이야기,MUSCIAL004,A,2016년 10월 24일,2,티켓링크(외부),"160,000"
Art Stage,CONCERT005,A,2016년 11월 18일,2,티켓링크(외부),"140,000"
BTTS Seoul Tour,CONCERT002,A,2017년 01월 15일,2,티켓링크(외부),"4,000,000"
BTTS Seoul Tour,CONCERT002,A,2017년 04월 08일,2,티켓링크(외부),"4,000,000"
BTTS Seoul Tour,CONCERT002,A,2017년 04월 15일,2,티켓링크(외부),"4,000,000"
작업의 정식,PLAY002,A,2017년 04월 27일,2,티켓링크(외부),"50,000"
천사 이야기,MUSCIAL004,A,2017년 05월 08일,2,티켓링크(외부),"160,000"
BTTS Seoul Tour,CONCERT002,A,2017년 05월 28일,2,티켓링크(외부),"4,000,000"
작업의 정식,PLAY002,A,2017년 06월 02일,2,티켓링크(외부),"50,000"
BTTS Seoul Tour,CONCERT002,A,2017년 06월 30일,2,티켓링크(외부),"4,000,000"
옥탑방,PLAY003,A,2017년 07월 24일,2,티켓링크(외부),"40,000"
나희의 잡화점,PLAY005,A,2018년 03월 01일,2,티켓링크(외부),"56,000"
Room Number,PLAY008,A,2018년 03월 13일,2,티켓링크(외부),"44,000"
Art Stage,CONCERT005,A,2018년 04월 18일,2,티켓링크(외부),"140,000"
Rocky,MUSCIAL002,A,2018년 05월 20일,2,티켓링크(외부),"220,000"
Music Festi,CONCERT005,A,2018년 07월 06일,2,티켓링크(외부),"100,000"
YGG Special,CONCERT003,A,2018년 08월 18일,2,티켓링크(외부),"160,000"
Art Stage,CONCERT005,A,2018년 10월 05일,2,티켓링크(외부),"140,000"
BTTS Seoul Tour,CONCERT002,A,2015년 04월 16일,2,현장판매,"4,000,000"
Room Number,PLAY008,A,2015년 06월 23일,2,현장판매,"44,000"
YGG Special,CONCERT003,A,2015년 07월 17일,2,현장판매,"160,000"
Art Stage,CONCERT005,A,2015년 09월 18일,2,현장판매,"140,000"
Art Stage,CONCERT005,A,2015년 10월 11일,2,현장판매,"140,000"
옥탑방,PLAY003,A,2016년 01월 30일,2,현장판매,"40,000"
매디슨 다리,MUSCIAL003,A,2016년 02월 24일,2,현장판매,"180,000"
YGG Special,CONCERT003,A,2016년 04월 05일,2,현장판매,"160,000"
Matilada,MUSCIAL001,A,2016년 08월 09일,2,현장판매,"300,000"
옥탑방,PLAY003,A,2016년 11월 02일,2,현장판매,"40,000"
나희의 잡화점,PLAY005,A,2016년 12월 12일,2,현장판매,"56,000"
Matilada,MUSCIAL001,A,2017년 04월 26일,2,현장판매,"300,000"
YGG Special,CONCERT003,A,2017년 05월 12일,2,현장판매,"160,000"
Matilada,MUSCIAL001,A,2017년 06월 02일,2,현장판매,"300,000"
Music Festi,CONCERT005,A,2017년 06월 28일,2,현장판매,"100,000"
작업의 정식,PLAY002,A,2017년 07월 31일,2,현장판매,"50,000"
천사 이야기,MUSCIAL004,A,2017년 09월 05일,2,현장판매,"160,000"
Matilada,MUSCIAL001,A,2017년 10월 21일,2,현장판매,"300,000"
매디슨 다리,MUSCIAL003,A,2017년 12월 03일,2,현장판매,"180,000"
천사 이야기,MUSCIAL004,A,2017년 12월 19일,2,현장판매,"160,000"
YGG Special,CONCERT003,A,2018년 03월 19일,2,현장판매,"160,000"
Art Stage,CONCERT005,A,2018년 04월 01일,2,현장판매,"140,000"
YGG Special,CONCERT003,A,2018년 04월 07일,2,현장판매,"160,000"
BTTS Seoul Tour,CONCERT002,A,2018년 05월 07일,2,현장판매,"4,000,000"
천사 이야기,MUSCIAL004,A,2018년 09월 08일,2,현장판매,"160,000"
매디슨 다리,MUSCIAL003,A,2015년 05월 18일,2,홈페이지,"180,000"
BTTS Seoul Tour,CONCERT002,A,2015년 06월 07일,2,홈페이지,"4,000,000"
BTTS Seoul Tour,CONCERT002,A,2015년 07월 09일,2,홈페이지,"4,000,000"
나희의 잡화점,PLAY005,A,2015년 08월 01일,2,홈페이지,"56,000"
Rocky,MUSCIAL002,A,2015년 08월 01일,2,홈페이지,"220,000"
Room Number,PLAY008,A,2015년 08월 04일,2,홈페이지,"44,000"
옥탑방,PLAY003,A,2015년 11월 01일,2,홈페이지,"40,000"
Rocky,MUSCIAL002,A,2015년 12월 05일,2,홈페이지,"220,000"
YGG Special,CONCERT003,A,2016년 01월 12일,2,홈페이지,"160,000"
옥탑방,PLAY003,A,2016년 01월 27일,2,홈페이지,"40,000"
작업의 정식,PLAY002,A,2016년 02월 10일,2,홈페이지,"50,000"
Rocky,MUSCIAL002,A,2016년 04월 26일,2,홈페이지,"220,000"
YGG Special,CONCERT003,A,2016년 08월 29일,2,홈페이지,"160,000"
BTTS Seoul Tour,CONCERT002,A,2017년 01월 01일,2,홈페이지,"4,000,000"
옥탑방,PLAY003,A,2017년 02월 05일,2,홈페이지,"40,000"
Room Number,PLAY008,A,2017년 04월 13일,2,홈페이지,"44,000"
Room Number,PLAY008,A,2017년 05월 21일,2,홈페이지,"44,000"
매디슨 다리,MUSCIAL003,A,2017년 05월 22일,2,홈페이지,"180,000"
Art Stage,CONCERT005,A,2017년 06월 16일,2,홈페이지,"140,000"
Rocky,MUSCIAL002,A,2017년 06월 29일,2,홈페이지,"220,000"
Room Number,PLAY008,A,2017년 08월 20일,2,홈페이지,"44,000"
작업의 정식,PLAY002,A,2017년 11월 11일,2,홈페이지,"50,000"
매디슨 다리,MUSCIAL003,A,2018년 03월 18일,2,홈페이지,"180,000"
나희의 잡화점,PLAY005,A,2018년 03월 24일,2,홈페이지,"56,000"
Art Stage,CONCERT005,A,2018년 05월 14일,2,홈페이지,"140,000"
YGG Special,CONCERT003,A,2018년 05월 27일,2,홈페이지,"160,000"
Music Festi,CONCERT005,A,2018년 06월 22일,2,홈페이지,"100,000"
Matilada,MUSCIAL001,A,2018년 09월 01일,2,홈페이지,"300,000"
Art Stage,CONCERT005,A,2018년 09월 11일,2,홈페이지,"140,000"
나희의 잡화점,PLAY005,A,2018년 09월 28일,2,홈페이지,"56,000"
옥탑방,PLAY003,A,2018년 10월 09일,2,홈페이지,"40,000"
YGG Special,CONCERT003,A,2018년 11월 05일,2,홈페이지,"160,000"
YGG Special,CONCERT003,A,2018년 11월 14일,2,홈페이지,"160,000"
BTTS Seoul Tour,CONCERT002,A,2018년 12월 20일,2,홈페이지,"4,000,000"
BTTS Seoul Tour,CONCERT002,R,2015년 05월 13일,2,전화예매,"8,000,000"
Matilada,MUSCIAL001,R,2016년 02월 20일,2,전화예매,"600,000"
매디슨 다리,MUSCIAL003,R,2016년 05월 13일,2,전화예매,"360,000"
Matilada,MUSCIAL001,R,2016년 08월 23일,2,전화예매,"600,000"
Art Stage,CONCERT005,R,2016년 09월 01일,2,전화예매,"280,000"
YGG Special,CONCERT003,R,2016년 09월 10일,2,전화예매,"320,000"
작업의 정식,PLAY002,R,2016년 11월 01일,2,전화예매,"100,000"
Rocky,MUSCIAL002,R,2016년 11월 02일,2,전화예매,"440,000"
Rocky,MUSCIAL002,R,2016년 12월 24일,2,전화예매,"440,000"
Music Festi,CONCERT005,R,2017년 01월 09일,2,전화예매,"200,000"
Room Number,PLAY008,R,2017년 02월 19일,2,전화예매,"88,000"
천사 이야기,MUSCIAL004,R,2017년 02월 26일,2,전화예매,"320,000"
Music Festi,CONCERT005,R,2017년 03월 28일,2,전화예매,"200,000"
천사 이야기,MUSCIAL004,R,2017년 06월 07일,2,전화예매,"320,000"
매디슨 다리,MUSCIAL003,R,2017년 06월 08일,2,전화예매,"360,000"
YGG Special,CONCERT003,R,2017년 08월 12일,2,전화예매,"320,000"
천사 이야기,MUSCIAL004,R,2017년 10월 28일,2,전화예매,"320,000"
Matilada,MUSCIAL001,R,2018년 02월 14일,2,전화예매,"600,000"
Art Stage,CONCERT005,R,2018년 02월 17일,2,전화예매,"280,000"
YGG Special,CONCERT003,R,2018년 04월 20일,2,전화예매,"320,000"
나희의 잡화점,PLAY005,R,2018년 06월 07일,2,전화예매,"112,000"
옥탑방,PLAY003,R,2018년 06월 25일,2,전화예매,"80,000"
YGG Special,CONCERT003,R,2018년 07월 20일,2,전화예매,"320,000"
작업의 정식,PLAY002,R,2018년 08월 14일,2,전화예매,"100,000"
YGG Special,CONCERT003,R,2018년 09월 27일,2,전화예매,"320,000"
Room Number,PLAY008,R,2018년 10월 21일,2,전화예매,"88,000"
BTTS Seoul Tour,CONCERT002,R,2015년 07월 24일,2,티켓링크(외부),"8,000,000"
나희의 잡화점,PLAY005,R,2015년 08월 26일,2,티켓링크(외부),"112,000"
나희의 잡화점,PLAY005,R,2016년 01월 05일,2,티켓링크(외부),"112,000"
천사 이야기,MUSCIAL004,R,2016년 01월 10일,2,티켓링크(외부),"320,000"
Matilada,MUSCIAL001,R,2016년 06월 12일,2,티켓링크(외부),"600,000"
나희의 잡화점,PLAY005,R,2016년 06월 19일,2,티켓링크(외부),"112,000"
천사 이야기,MUSCIAL004,R,2016년 07월 20일,2,티켓링크(외부),"320,000"
나희의 잡화점,PLAY005,R,2016년 08월 14일,2,티켓링크(외부),"112,000"
Rocky,MUSCIAL002,R,2016년 11월 02일,2,티켓링크(외부),"440,000"
BTTS Seoul Tour,CONCERT002,R,2016년 11월 13일,2,티켓링크(외부),"8,000,000"
Art Stage,CONCERT005,R,2016년 12월 09일,2,티켓링크(외부),"280,000"
Art Stage,CONCERT005,R,2017년 02월 25일,2,티켓링크(외부),"280,000"
YGG Special,CONCERT003,R,2017년 08월 10일,2,티켓링크(외부),"320,000"
작업의 정식,PLAY002,R,2017년 10월 29일,2,티켓링크(외부),"100,000"
천사 이야기,MUSCIAL004,R,2018년 03월 03일,2,티켓링크(외부),"320,000"
BTTS Seoul Tour,CONCERT002,R,2018년 03월 03일,2,티켓링크(외부),"8,000,000"
Art Stage,CONCERT005,R,2018년 04월 28일,2,티켓링크(외부),"280,000"
Music Festi,CONCERT005,R,2018년 05월 07일,2,티켓링크(외부),"200,000"
Music Festi,CONCERT005,R,2018년 06월 27일,2,티켓링크(외부),"200,000"
Matilada,MUSCIAL001,R,2018년 07월 08일,2,티켓링크(외부),"600,000"
Rocky,MUSCIAL002,R,2018년 08월 04일,2,티켓링크(외부),"440,000"
나희의 잡화점,PLAY005,R,2018년 08월 26일,2,티켓링크(외부),"112,000"
옥탑방,PLAY003,R,2018년 10월 22일,2,티켓링크(외부),"80,000"
Art Stage,CONCERT005,R,2018년 12월 13일,2,티켓링크(외부),"280,000"
Matilada,MUSCIAL001,R,2015년 04월 16일,2,현장판매,"600,000"
옥탑방,PLAY003,R,2015년 04월 25일,2,현장판매,"80,000"
Matilada,MUSCIAL001,R,2015년 05월 13일,2,현장판매,"600,000"
나희의 잡화점,PLAY005,R,2015년 08월 19일,2,현장판매,"112,000"
천사 이야기,MUSCIAL004,R,2015년 09월 22일,2,현장판매,"320,000"
Matilada,MUSCIAL001,R,2015년 11월 13일,2,현장판매,"600,000"
Room Number,PLAY008,R,2015년 11월 28일,2,현장판매,"88,000"
Matilada,MUSCIAL001,R,2016년 01월 23일,2,현장판매,"600,000"
Rocky,MUSCIAL002,R,2016년 03월 27일,2,현장판매,"440,000"
옥탑방,PLAY003,R,2016년 04월 21일,2,현장판매,"80,000"
Music Festi,CONCERT005,R,2016년 10월 07일,2,현장판매,"200,000"
Rocky,MUSCIAL002,R,2016년 12월 26일,2,현장판매,"440,000"
Matilada,MUSCIAL001,R,2017년 01월 05일,2,현장판매,"600,000"
Music Festi,CONCERT005,R,2017년 03월 23일,2,현장판매,"200,000"
옥탑방,PLAY003,R,2017년 04월 01일,2,현장판매,"80,000"
나희의 잡화점,PLAY005,R,2017년 09월 21일,2,현장판매,"112,000"
Matilada,MUSCIAL001,R,2017년 12월 22일,2,현장판매,"600,000"
매디슨 다리,MUSCIAL003,R,2018년 03월 18일,2,현장판매,"360,000"
나희의 잡화점,PLAY005,R,2018년 06월 10일,2,현장판매,"112,000"
Rocky,MUSCIAL002,R,2018년 08월 03일,2,현장판매,"440,000"
매디슨 다리,MUSCIAL003,R,2018년 08월 16일,2,현장판매,"360,000"
Room Number,PLAY008,R,2018년 12월 06일,2,현장판매,"88,000"
YGG Special,CONCERT003,R,2015년 07월 02일,2,홈페이지,"320,000"
작업의 정식,PLAY002,R,2015년 07월 26일,2,홈페이지,"100,000"
천사 이야기,MUSCIAL004,R,2015년 10월 05일,2,홈페이지,"320,000"
Art Stage,CONCERT005,R,2016년 02월 06일,2,홈페이지,"280,000"
옥탑방,PLAY003,R,2016년 03월 20일,2,홈페이지,"80,000"
Music Festi,CONCERT005,R,2016년 04월 25일,2,홈페이지,"200,000"
천사 이야기,MUSCIAL004,R,2016년 06월 13일,2,홈페이지,"320,000"
매디슨 다리,MUSCIAL003,R,2016년 09월 10일,2,홈페이지,"360,000"
매디슨 다리,MUSCIAL003,R,2016년 09월 20일,2,홈페이지,"360,000"
나희의 잡화점,PLAY005,R,2016년 11월 09일,2,홈페이지,"112,000"
작업의 정식,PLAY002,R,2016년 11월 18일,2,홈페이지,"100,000"
작업의 정식,PLAY002,R,2016년 12월 23일,2,홈페이지,"100,000"
Music Festi,CONCERT005,R,2017년 02월 03일,2,홈페이지,"200,000"
옥탑방,PLAY003,R,2017년 04월 22일,2,홈페이지,"80,000"
나희의 잡화점,PLAY005,R,2017년 05월 21일,2,홈페이지,"112,000"
Room Number,PLAY008,R,2017년 06월 07일,2,홈페이지,"88,000"
BTTS Seoul Tour,CONCERT002,R,2017년 06월 15일,2,홈페이지,"8,000,000"
Art Stage,CONCERT005,R,2017년 08월 07일,2,홈페이지,"280,000"
Rocky,MUSCIAL002,R,2017년 10월 17일,2,홈페이지,"440,000"
작업의 정식,PLAY002,R,2017년 10월 28일,2,홈페이지,"100,000"
작업의 정식,PLAY002,R,2018년 01월 03일,2,홈페이지,"100,000"
Matilada,MUSCIAL001,R,2018년 01월 26일,2,홈페이지,"600,000"
옥탑방,PLAY003,R,2018년 01월 30일,2,홈페이지,"80,000"
Room Number,PLAY008,R,2018년 03월 14일,2,홈페이지,"88,000"
천사 이야기,MUSCIAL004,R,2018년 06월 27일,2,홈페이지,"320,000"
BTTS Seoul Tour,CONCERT002,R,2018년 08월 09일,2,홈페이지,"8,000,000"
작업의 정식,PLAY002,R,2018년 10월 08일,2,홈페이지,"100,000"
Rocky,MUSCIAL002,R,2018년 10월 19일,2,홈페이지,"440,000"
작업의 정식,PLAY002,R,2018년 11월 28일,2,홈페이지,"100,000"
YGG Special,CONCERT003,R,2015년 06월 04일,6,전화예매,"960,000"
Matilada,MUSCIAL001,B,2015년 06월 22일,6,전화예매,"720,000"
Matilada,MUSCIAL001,A,2015년 07월 26일,6,전화예매,"900,000"
옥탑방,PLAY003,S,2015년 08월 07일,6,전화예매,"180,000"
Matilada,MUSCIAL001,A,2015년 08월 12일,6,전화예매,"900,000"
Rocky,MUSCIAL002,S,2015년 09월 13일,6,전화예매,"990,000"
Music Festi,CONCERT005,C,2015년 09월 25일,6,전화예매,"150,000"
Room Number,PLAY008,C,2015년 09월 29일,6,전화예매,"66,000"
옥탑방,PLAY003,A,2015년 10월 23일,6,전화예매,"120,000"
YGG Special,CONCERT003,A,2015년 11월 24일,6,전화예매,"480,000"
Art Stage,CONCERT005,S,2015년 12월 01일,6,전화예매,"630,000"
BTTS Seoul Tour,CONCERT002,C,2015년 12월 16일,6,전화예매,"6,000,000"
YGG Special,CONCERT003,A,2016년 02월 08일,6,전화예매,"480,000"
작업의 정식,PLAY002,B,2016년 02월 10일,6,전화예매,"120,000"
옥탑방,PLAY003,C,2016년 03월 20일,6,전화예매,"60,000"
천사 이야기,MUSCIAL004,B,2016년 03월 21일,6,전화예매,"384,000"
Art Stage,CONCERT005,C,2016년 05월 06일,6,전화예매,"210,000"
나희의 잡화점,PLAY005,B,2016년 06월 02일,6,전화예매,"134,400"
YGG Special,CONCERT003,R,2016년 06월 07일,6,전화예매,"960,000"
작업의 정식,PLAY002,B,2016년 07월 17일,6,전화예매,"120,000"
Music Festi,CONCERT005,A,2016년 08월 28일,6,전화예매,"300,000"
천사 이야기,MUSCIAL004,S,2016년 09월 05일,6,전화예매,"720,000"
BTTS Seoul Tour,CONCERT002,B,2016년 09월 23일,6,전화예매,"9,600,000"
BTTS Seoul Tour,CONCERT002,S,2016년 11월 22일,6,전화예매,"18,000,000"
Room Number,PLAY008,A,2017년 02월 01일,6,전화예매,"132,000"
BTTS Seoul Tour,CONCERT002,C,2017년 02월 16일,6,전화예매,"6,000,000"
매디슨 다리,MUSCIAL003,B,2017년 03월 26일,6,전화예매,"432,000"
작업의 정식,PLAY002,R,2017년 03월 30일,6,전화예매,"300,000"
Room Number,PLAY008,A,2017년 04월 21일,6,전화예매,"132,000"
Rocky,MUSCIAL002,C,2017년 04월 27일,6,전화예매,"330,000"
Art Stage,CONCERT005,A,2017년 06월 25일,6,전화예매,"420,000"
Art Stage,CONCERT005,S,2017년 07월 12일,6,전화예매,"630,000"
Music Festi,CONCERT005,B,2017년 09월 13일,6,전화예매,"240,000"
Art Stage,CONCERT005,C,2017년 10월 02일,6,전화예매,"210,000"
YGG Special,CONCERT003,A,2017년 10월 06일,6,전화예매,"480,000"
매디슨 다리,MUSCIAL003,C,2017년 10월 29일,6,전화예매,"270,000"
천사 이야기,MUSCIAL004,B,2017년 11월 02일,6,전화예매,"384,000"
YGG Special,CONCERT003,A,2017년 11월 13일,6,전화예매,"480,000"
BTTS Seoul Tour,CONCERT002,R,2017년 11월 27일,6,전화예매,"24,000,000"
Music Festi,CONCERT005,A,2017년 12월 24일,6,전화예매,"300,000"
매디슨 다리,MUSCIAL003,R,2017년 12월 29일,6,전화예매,"1,080,000"
Room Number,PLAY008,R,2018년 01월 01일,6,전화예매,"264,000"
BTTS Seoul Tour,CONCERT002,S,2018년 03월 02일,6,전화예매,"18,000,000"
Room Number,PLAY008,C,2018년 03월 10일,6,전화예매,"66,000"
BTTS Seoul Tour,CONCERT002,S,2018년 05월 04일,6,전화예매,"18,000,000"
Music Festi,CONCERT005,S,2018년 05월 19일,6,전화예매,"450,000"
BTTS Seoul Tour,CONCERT002,S,2018년 05월 30일,6,전화예매,"18,000,000"
Matilada,MUSCIAL001,R,2018년 06월 01일,6,전화예매,"1,800,000"
옥탑방,PLAY003,C,2018년 06월 13일,6,전화예매,"60,000"
나희의 잡화점,PLAY005,C,2018년 08월 22일,6,전화예매,"84,000"
YGG Special,CONCERT003,C,2018년 08월 25일,6,전화예매,"240,000"
Matilada,MUSCIAL001,B,2018년 10월 07일,6,전화예매,"720,000"
매디슨 다리,MUSCIAL003,S,2018년 10월 08일,6,전화예매,"810,000"
Art Stage,CONCERT005,C,2018년 11월 29일,6,전화예매,"210,000"
BTTS Seoul Tour,CONCERT002,C,2015년 05월 01일,6,티켓링크(외부),"6,000,000"
Rocky,MUSCIAL002,R,2015년 05월 02일,6,티켓링크(외부),"1,320,000"
작업의 정식,PLAY002,S,2015년 05월 17일,6,티켓링크(외부),"225,000"
나희의 잡화점,PLAY005,C,2015년 07월 09일,6,티켓링크(외부),"84,000"
천사 이야기,MUSCIAL004,R,2015년 07월 20일,6,티켓링크(외부),"960,000"
옥탑방,PLAY003,A,2015년 07월 29일,6,티켓링크(외부),"120,000"
매디슨 다리,MUSCIAL003,S,2015년 10월 01일,6,티켓링크(외부),"810,000"
작업의 정식,PLAY002,R,2015년 10월 16일,6,티켓링크(외부),"300,000"
작업의 정식,PLAY002,S,2015년 10월 21일,6,티켓링크(외부),"225,000"
천사 이야기,MUSCIAL004,S,2015년 10월 29일,6,티켓링크(외부),"720,000"
Room Number,PLAY008,A,2015년 11월 09일,6,티켓링크(외부),"132,000"
나희의 잡화점,PLAY005,A,2016년 01월 17일,6,티켓링크(외부),"168,000"
작업의 정식,PLAY002,A,2016년 01월 24일,6,티켓링크(외부),"150,000"
천사 이야기,MUSCIAL004,A,2016년 03월 11일,6,티켓링크(외부),"480,000"
Music Festi,CONCERT005,S,2016년 04월 04일,6,티켓링크(외부),"450,000"
YGG Special,CONCERT003,C,2016년 05월 25일,6,티켓링크(외부),"240,000"
Art Stage,CONCERT005,B,2016년 06월 23일,6,티켓링크(외부),"336,000"
YGG Special,CONCERT003,R,2016년 07월 10일,6,티켓링크(외부),"960,000"
BTTS Seoul Tour,CONCERT002,A,2016년 10월 08일,6,티켓링크(외부),"12,000,000"
옥탑방,PLAY003,B,2016년 10월 29일,6,티켓링크(외부),"96,000"
Rocky,MUSCIAL002,C,2016년 12월 21일,6,티켓링크(외부),"330,000"
Matilada,MUSCIAL001,A,2017년 01월 03일,6,티켓링크(외부),"900,000"
천사 이야기,MUSCIAL004,C,2017년 01월 06일,6,티켓링크(외부),"240,000"
천사 이야기,MUSCIAL004,A,2017년 02월 19일,6,티켓링크(외부),"480,000"
BTTS Seoul Tour,CONCERT002,C,2017년 06월 05일,6,티켓링크(외부),"6,000,000"
YGG Special,CONCERT003,B,2017년 08월 17일,6,티켓링크(외부),"384,000"
나희의 잡화점,PLAY005,S,2017년 10월 17일,6,티켓링크(외부),"252,000"
BTTS Seoul Tour,CONCERT002,S,2017년 11월 01일,6,티켓링크(외부),"18,000,000"
Room Number,PLAY008,S,2017년 12월 05일,6,티켓링크(외부),"198,000"
Matilada,MUSCIAL001,R,2017년 12월 06일,6,티켓링크(외부),"1,800,000"
나희의 잡화점,PLAY005,A,2017년 12월 15일,6,티켓링크(외부),"168,000"
옥탑방,PLAY003,A,2017년 12월 25일,6,티켓링크(외부),"120,000"
나희의 잡화점,PLAY005,C,2017년 12월 29일,6,티켓링크(외부),"84,000"
나희의 잡화점,PLAY005,C,2018년 01월 18일,6,티켓링크(외부),"84,000"
Art Stage,CONCERT005,C,2018년 02월 06일,6,티켓링크(외부),"210,000"
Art Stage,CONCERT005,B,2018년 04월 26일,6,티켓링크(외부),"336,000"
Art Stage,CONCERT005,B,2018년 04월 29일,6,티켓링크(외부),"336,000"
Rocky,MUSCIAL002,S,2018년 04월 29일,6,티켓링크(외부),"990,000"
나희의 잡화점,PLAY005,R,2018년 05월 05일,6,티켓링크(외부),"336,000"
Matilada,MUSCIAL001,C,2018년 07월 17일,6,티켓링크(외부),"450,000"
옥탑방,PLAY003,C,2018년 08월 02일,6,티켓링크(외부),"60,000"
YGG Special,CONCERT003,C,2018년 08월 16일,6,티켓링크(외부),"240,000"
Art Stage,CONCERT005,B,2018년 08월 25일,6,티켓링크(외부),"336,000"
나희의 잡화점,PLAY005,A,2018년 09월 09일,6,티켓링크(외부),"168,000"
BTTS Seoul Tour,CONCERT002,R,2018년 11월 10일,6,티켓링크(외부),"24,000,000"
Rocky,MUSCIAL002,B,2018년 12월 21일,6,티켓링크(외부),"528,000"
Art Stage,CONCERT005,A,2015년 04월 14일,6,현장판매,"420,000"
작업의 정식,PLAY002,B,2015년 04월 29일,6,현장판매,"120,000"
작업의 정식,PLAY002,B,2015년 05월 09일,6,현장판매,"120,000"
Music Festi,CONCERT005,S,2015년 05월 10일,6,현장판매,"450,000"
BTTS Seoul Tour,CONCERT002,C,2015년 10월 05일,6,현장판매,"6,000,000"
YGG Special,CONCERT003,R,2015년 10월 07일,6,현장판매,"960,000"
Room Number,PLAY008,R,2015년 10월 22일,6,현장판매,"264,000"
BTTS Seoul Tour,CONCERT002,R,2015년 11월 01일,6,현장판매,"24,000,000"
매디슨 다리,MUSCIAL003,A,2015년 11월 22일,6,현장판매,"540,000"
작업의 정식,PLAY002,S,2015년 12월 15일,6,현장판매,"225,000"
Rocky,MUSCIAL002,C,2016년 01월 08일,6,현장판매,"330,000"
옥탑방,PLAY003,A,2016년 02월 02일,6,현장판매,"120,000"
Room Number,PLAY008,B,2016년 02월 25일,6,현장판매,"105,600"
YGG Special,CONCERT003,C,2016년 02월 25일,6,현장판매,"240,000"
옥탑방,PLAY003,S,2016년 02월 29일,6,현장판매,"180,000"
YGG Special,CONCERT003,C,2016년 03월 17일,6,현장판매,"240,000"
매디슨 다리,MUSCIAL003,C,2016년 04월 03일,6,현장판매,"270,000"
나희의 잡화점,PLAY005,A,2016년 04월 19일,6,현장판매,"168,000"
Art Stage,CONCERT005,R,2016년 08월 23일,6,현장판매,"840,000"
옥탑방,PLAY003,R,2016년 09월 08일,6,현장판매,"240,000"
YGG Special,CONCERT003,R,2016년 09월 13일,6,현장판매,"960,000"
YGG Special,CONCERT003,B,2016년 10월 01일,6,현장판매,"384,000"
옥탑방,PLAY003,R,2016년 10월 01일,6,현장판매,"240,000"
Room Number,PLAY008,R,2016년 11월 24일,6,현장판매,"264,000"
Matilada,MUSCIAL001,S,2016년 12월 08일,6,현장판매,"1,350,000"
Room Number,PLAY008,R,2016년 12월 29일,6,현장판매,"264,000"
Rocky,MUSCIAL002,B,2017년 02월 26일,6,현장판매,"528,000"
매디슨 다리,MUSCIAL003,R,2017년 03월 09일,6,현장판매,"1,080,000"
Matilada,MUSCIAL001,C,2017년 04월 16일,6,현장판매,"450,000"
Art Stage,CONCERT005,S,2017년 05월 04일,6,현장판매,"630,000"
Art Stage,CONCERT005,S,2017년 05월 11일,6,현장판매,"630,000"
작업의 정식,PLAY002,S,2017년 05월 14일,6,현장판매,"225,000"
Rocky,MUSCIAL002,S,2017년 06월 13일,6,현장판매,"990,000"
Art Stage,CONCERT005,C,2017년 06월 20일,6,현장판매,"210,000"
Rocky,MUSCIAL002,C,2017년 08월 29일,6,현장판매,"330,000"
Room Number,PLAY008,S,2017년 09월 06일,6,현장판매,"198,000"
Matilada,MUSCIAL001,S,2017년 11월 10일,6,현장판매,"1,350,000"
Music Festi,CONCERT005,S,2017년 11월 13일,6,현장판매,"450,000"
천사 이야기,MUSCIAL004,C,2018년 01월 13일,6,현장판매,"240,000"
옥탑방,PLAY003,A,2018년 04월 09일,6,현장판매,"120,000"
BTTS Seoul Tour,CONCERT002,C,2018년 04월 14일,6,현장판매,"6,000,000"
Room Number,PLAY008,B,2018년 05월 07일,6,현장판매,"105,600"
옥탑방,PLAY003,A,2018년 05월 18일,6,현장판매,"120,000"
Music Festi,CONCERT005,C,2018년 05월 21일,6,현장판매,"150,000"
작업의 정식,PLAY002,B,2018년 06월 15일,6,현장판매,"120,000"
옥탑방,PLAY003,C,2018년 07월 11일,6,현장판매,"60,000"
BTTS Seoul Tour,CONCERT002,C,2018년 07월 14일,6,현장판매,"6,000,000"
BTTS Seoul Tour,CONCERT002,B,2018년 07월 20일,6,현장판매,"9,600,000"
Art Stage,CONCERT005,S,2018년 08월 25일,6,현장판매,"630,000"
Music Festi,CONCERT005,C,2018년 09월 10일,6,현장판매,"150,000"
Rocky,MUSCIAL002,S,2018년 10월 03일,6,현장판매,"990,000"
BTTS Seoul Tour,CONCERT002,R,2018년 10월 24일,6,현장판매,"24,000,000"
천사 이야기,MUSCIAL004,B,2018년 11월 21일,6,현장판매,"384,000"
YGG Special,CONCERT003,S,2018년 11월 27일,6,현장판매,"720,000"
매디슨 다리,MUSCIAL003,C,2018년 12월 03일,6,현장판매,"270,000"
Rocky,MUSCIAL002,B,2018년 12월 18일,6,현장판매,"528,000"
작업의 정식,PLAY002,C,2018년 12월 31일,6,현장판매,"75,000"
작업의 정식,PLAY002,S,2015년 04월 30일,6,홈페이지,"225,000"
BTTS Seoul Tour,CONCERT002,S,2015년 06월 30일,6,홈페이지,"18,000,000"
옥탑방,PLAY003,R,2015년 07월 08일,6,홈페이지,"240,000"
매디슨 다리,MUSCIAL003,S,2015년 07월 12일,6,홈페이지,"810,000"
나희의 잡화점,PLAY005,C,2015년 07월 15일,6,홈페이지,"84,000"
Music Festi,CONCERT005,A,2015년 07월 18일,6,홈페이지,"300,000"
작업의 정식,PLAY002,C,2015년 07월 30일,6,홈페이지,"75,000"
BTTS Seoul Tour,CONCERT002,B,2015년 07월 31일,6,홈페이지,"9,600,000"
나희의 잡화점,PLAY005,A,2015년 08월 25일,6,홈페이지,"168,000"
천사 이야기,MUSCIAL004,R,2015년 09월 15일,6,홈페이지,"960,000"
Room Number,PLAY008,B,2015년 12월 07일,6,홈페이지,"105,600"
YGG Special,CONCERT003,B,2015년 12월 07일,6,홈페이지,"384,000"
YGG Special,CONCERT003,C,2015년 12월 20일,6,홈페이지,"240,000"
나희의 잡화점,PLAY005,B,2016년 01월 22일,6,홈페이지,"134,400"
YGG Special,CONCERT003,S,2016년 01월 25일,6,홈페이지,"720,000"
옥탑방,PLAY003,C,2016년 02월 10일,6,홈페이지,"60,000"
매디슨 다리,MUSCIAL003,B,2016년 06월 05일,6,홈페이지,"432,000"
Rocky,MUSCIAL002,A,2016년 07월 08일,6,홈페이지,"660,000"
나희의 잡화점,PLAY005,B,2016년 08월 09일,6,홈페이지,"134,400"
나희의 잡화점,PLAY005,C,2016년 08월 31일,6,홈페이지,"84,000"
YGG Special,CONCERT003,S,2016년 09월 02일,6,홈페이지,"720,000"
옥탑방,PLAY003,C,2016년 09월 05일,6,홈페이지,"60,000"
천사 이야기,MUSCIAL004,A,2016년 10월 22일,6,홈페이지,"480,000"
BTTS Seoul Tour,CONCERT002,A,2017년 02월 26일,6,홈페이지,"12,000,000"
Music Festi,CONCERT005,R,2017년 02월 26일,6,홈페이지,"600,000"
YGG Special,CONCERT003,A,2017년 03월 21일,6,홈페이지,"480,000"
BTTS Seoul Tour,CONCERT002,S,2017년 03월 21일,6,홈페이지,"18,000,000"
Matilada,MUSCIAL001,S,2017년 03월 31일,6,홈페이지,"1,350,000"
YGG Special,CONCERT003,S,2017년 04월 06일,6,홈페이지,"720,000"
YGG Special,CONCERT003,S,2017년 04월 08일,6,홈페이지,"720,000"
옥탑방,PLAY003,S,2017년 06월 04일,6,홈페이지,"180,000"
나희의 잡화점,PLAY005,S,2017년 06월 17일,6,홈페이지,"252,000"
작업의 정식,PLAY002,R,2017년 08월 02일,6,홈페이지,"300,000"
BTTS Seoul Tour,CONCERT002,C,2017년 09월 18일,6,홈페이지,"6,000,000"
Art Stage,CONCERT005,A,2017년 10월 25일,6,홈페이지,"420,000"
옥탑방,PLAY003,A,2017년 11월 14일,6,홈페이지,"120,000"
BTTS Seoul Tour,CONCERT002,B,2017년 11월 21일,6,홈페이지,"9,600,000"
Art Stage,CONCERT005,R,2017년 11월 23일,6,홈페이지,"840,000"
Rocky,MUSCIAL002,S,2017년 11월 30일,6,홈페이지,"990,000"
Music Festi,CONCERT005,C,2017년 12월 03일,6,홈페이지,"150,000"
옥탑방,PLAY003,A,2017년 12월 19일,6,홈페이지,"120,000"
Rocky,MUSCIAL002,S,2018년 01월 16일,6,홈페이지,"990,000"
BTTS Seoul Tour,CONCERT002,A,2018년 02월 11일,6,홈페이지,"12,000,000"
옥탑방,PLAY003,S,2018년 02월 23일,6,홈페이지,"180,000"
Matilada,MUSCIAL001,C,2018년 03월 09일,6,홈페이지,"450,000"
나희의 잡화점,PLAY005,B,2018년 04월 02일,6,홈페이지,"134,400"
매디슨 다리,MUSCIAL003,C,2018년 07월 12일,6,홈페이지,"270,000"
Room Number,PLAY008,S,2018년 08월 30일,6,홈페이지,"198,000"
Rocky,MUSCIAL002,C,2018년 09월 21일,6,홈페이지,"330,000"
Art Stage,CONCERT005,R,2018년 11월 08일,6,홈페이지,"840,000"
매디슨 다리,MUSCIAL003,S,2015년 04월 09일,1,전화예매,"135,000"
나희의 잡화점,PLAY005,R,2015년 05월 03일,1,전화예매,"56,000"
YGG Special,CONCERT003,R,2015년 05월 06일,1,전화예매,"160,000"
BTTS Seoul Tour,CONCERT002,A,2015년 05월 14일,1,전화예매,"2,000,000"
작업의 정식,PLAY002,S,2015년 06월 30일,1,전화예매,"37,500"
YGG Special,CONCERT003,C,2015년 07월 30일,1,전화예매,"40,000"
작업의 정식,PLAY002,C,2015년 08월 03일,1,전화예매,"12,500"
BTTS Seoul Tour,CONCERT002,C,2015년 08월 13일,1,전화예매,"1,000,000"
옥탑방,PLAY003,B,2015년 09월 06일,1,전화예매,"16,000"
BTTS Seoul Tour,CONCERT002,A,2015년 09월 17일,1,전화예매,"2,000,000"
천사 이야기,MUSCIAL004,R,2015년 10월 03일,1,전화예매,"160,000"
Matilada,MUSCIAL001,S,2015년 10월 21일,1,전화예매,"225,000"
BTTS Seoul Tour,CONCERT002,S,2015년 11월 14일,1,전화예매,"3,000,000"
Matilada,MUSCIAL001,C,2015년 12월 11일,1,전화예매,"75,000"
BTTS Seoul Tour,CONCERT002,B,2016년 01월 09일,1,전화예매,"1,600,000"
BTTS Seoul Tour,CONCERT002,S,2016년 01월 14일,1,전화예매,"3,000,000"
옥탑방,PLAY003,S,2016년 01월 19일,1,전화예매,"30,000"
옥탑방,PLAY003,B,2016년 03월 20일,1,전화예매,"16,000"
나희의 잡화점,PLAY005,S,2016년 04월 17일,1,전화예매,"42,000"
작업의 정식,PLAY002,C,2016년 06월 11일,1,전화예매,"12,500"
BTTS Seoul Tour,CONCERT002,R,2016년 06월 14일,1,전화예매,"4,000,000"
매디슨 다리,MUSCIAL003,R,2016년 07월 01일,1,전화예매,"180,000"
YGG Special,CONCERT003,R,2016년 08월 19일,1,전화예매,"160,000"
매디슨 다리,MUSCIAL003,B,2016년 08월 26일,1,전화예매,"72,000"
Room Number,PLAY008,R,2016년 09월 19일,1,전화예매,"44,000"
Matilada,MUSCIAL001,C,2016년 09월 27일,1,전화예매,"75,000"
Room Number,PLAY008,S,2016년 10월 04일,1,전화예매,"33,000"
Matilada,MUSCIAL001,B,2017년 01월 04일,1,전화예매,"120,000"
천사 이야기,MUSCIAL004,C,2017년 02월 20일,1,전화예매,"40,000"
작업의 정식,PLAY002,C,2017년 04월 21일,1,전화예매,"12,500"
Art Stage,CONCERT005,B,2017년 04월 25일,1,전화예매,"56,000"
나희의 잡화점,PLAY005,A,2017년 05월 28일,1,전화예매,"28,000"
YGG Special,CONCERT003,B,2017년 10월 06일,1,전화예매,"64,000"
YGG Special,CONCERT003,B,2017년 10월 12일,1,전화예매,"64,000"
YGG Special,CONCERT003,C,2017년 11월 27일,1,전화예매,"40,000"
BTTS Seoul Tour,CONCERT002,A,2018년 05월 07일,1,전화예매,"2,000,000"
천사 이야기,MUSCIAL004,R,2018년 06월 11일,1,전화예매,"160,000"
Art Stage,CONCERT005,A,2018년 07월 05일,1,전화예매,"70,000"
YGG Special,CONCERT003,B,2018년 09월 29일,1,전화예매,"64,000"
Matilada,MUSCIAL001,B,2018년 10월 29일,1,전화예매,"120,000"
작업의 정식,PLAY002,B,2018년 10월 29일,1,전화예매,"20,000"
매디슨 다리,MUSCIAL003,B,2018년 11월 01일,1,전화예매,"72,000"
Rocky,MUSCIAL002,A,2015년 04월 28일,1,티켓링크(외부),"110,000"
옥탑방,PLAY003,A,2015년 05월 07일,1,티켓링크(외부),"20,000"
Matilada,MUSCIAL001,S,2015년 08월 17일,1,티켓링크(외부),"225,000"
Music Festi,CONCERT005,B,2015년 08월 26일,1,티켓링크(외부),"40,000"
YGG Special,CONCERT003,A,2016년 01월 15일,1,티켓링크(외부),"80,000"
옥탑방,PLAY003,R,2016년 01월 23일,1,티켓링크(외부),"40,000"
Rocky,MUSCIAL002,A,2016년 03월 27일,1,티켓링크(외부),"110,000"
옥탑방,PLAY003,A,2016년 04월 02일,1,티켓링크(외부),"20,000"
YGG Special,CONCERT003,S,2016년 04월 16일,1,티켓링크(외부),"120,000"
천사 이야기,MUSCIAL004,A,2016년 04월 28일,1,티켓링크(외부),"80,000"
천사 이야기,MUSCIAL004,C,2016년 05월 17일,1,티켓링크(외부),"40,000"
옥탑방,PLAY003,B,2016년 05월 25일,1,티켓링크(외부),"16,000"
천사 이야기,MUSCIAL004,A,2016년 06월 06일,1,티켓링크(외부),"80,000"
매디슨 다리,MUSCIAL003,C,2016년 06월 09일,1,티켓링크(외부),"45,000"
천사 이야기,MUSCIAL004,C,2016년 07월 04일,1,티켓링크(외부),"40,000"
천사 이야기,MUSCIAL004,B,2016년 07월 14일,1,티켓링크(외부),"64,000"
옥탑방,PLAY003,B,2016년 08월 13일,1,티켓링크(외부),"16,000"
Rocky,MUSCIAL002,R,2016년 08월 24일,1,티켓링크(외부),"220,000"
Rocky,MUSCIAL002,R,2016년 09월 17일,1,티켓링크(외부),"220,000"
옥탑방,PLAY003,C,2016년 10월 03일,1,티켓링크(외부),"10,000"
Music Festi,CONCERT005,B,2016년 10월 07일,1,티켓링크(외부),"40,000"
Room Number,PLAY008,S,2016년 10월 20일,1,티켓링크(외부),"33,000"
Art Stage,CONCERT005,R,2017년 01월 01일,1,티켓링크(외부),"140,000"
BTTS Seoul Tour,CONCERT002,R,2017년 01월 02일,1,티켓링크(외부),"4,000,000"
Matilada,MUSCIAL001,A,2017년 02월 06일,1,티켓링크(외부),"150,000"
작업의 정식,PLAY002,R,2017년 02월 21일,1,티켓링크(외부),"50,000"
작업의 정식,PLAY002,C,2017년 05월 09일,1,티켓링크(외부),"12,500"
YGG Special,CONCERT003,B,2017년 06월 05일,1,티켓링크(외부),"64,000"
Room Number,PLAY008,S,2017년 07월 20일,1,티켓링크(외부),"33,000"
Music Festi,CONCERT005,R,2017년 07월 23일,1,티켓링크(외부),"100,000"
작업의 정식,PLAY002,A,2017년 08월 31일,1,티켓링크(외부),"25,000"
옥탑방,PLAY003,S,2017년 09월 16일,1,티켓링크(외부),"30,000"
작업의 정식,PLAY002,S,2017년 10월 28일,1,티켓링크(외부),"37,500"
Music Festi,CONCERT005,C,2017년 10월 30일,1,티켓링크(외부),"25,000"
BTTS Seoul Tour,CONCERT002,B,2017년 12월 12일,1,티켓링크(외부),"1,600,000"
나희의 잡화점,PLAY005,C,2018년 02월 28일,1,티켓링크(외부),"14,000"
Art Stage,CONCERT005,S,2018년 03월 22일,1,티켓링크(외부),"105,000"
매디슨 다리,MUSCIAL003,C,2018년 04월 22일,1,티켓링크(외부),"45,000"
옥탑방,PLAY003,B,2018년 05월 11일,1,티켓링크(외부),"16,000"
매디슨 다리,MUSCIAL003,S,2018년 05월 24일,1,티켓링크(외부),"135,000"
Music Festi,CONCERT005,S,2018년 05월 30일,1,티켓링크(외부),"75,000"
작업의 정식,PLAY002,S,2018년 07월 13일,1,티켓링크(외부),"37,500"
Art Stage,CONCERT005,C,2018년 08월 05일,1,티켓링크(외부),"35,000"
매디슨 다리,MUSCIAL003,A,2018년 08월 09일,1,티켓링크(외부),"90,000"
천사 이야기,MUSCIAL004,B,2018년 08월 25일,1,티켓링크(외부),"64,000"
Room Number,PLAY008,R,2018년 11월 03일,1,티켓링크(외부),"44,000"
Matilada,MUSCIAL001,B,2018년 11월 22일,1,티켓링크(외부),"120,000"
BTTS Seoul Tour,CONCERT002,S,2018년 12월 16일,1,티켓링크(외부),"3,000,000"
Matilada,MUSCIAL001,S,2015년 04월 11일,1,현장판매,"225,000"
Room Number,PLAY008,C,2015년 05월 08일,1,현장판매,"11,000"
Room Number,PLAY008,A,2015년 05월 24일,1,현장판매,"22,000"
Matilada,MUSCIAL001,C,2015년 06월 17일,1,현장판매,"75,000"
Art Stage,CONCERT005,A,2015년 07월 03일,1,현장판매,"70,000"
Rocky,MUSCIAL002,S,2015년 08월 07일,1,현장판매,"165,000"
Matilada,MUSCIAL001,A,2015년 09월 18일,1,현장판매,"150,000"
Art Stage,CONCERT005,A,2015년 10월 24일,1,현장판매,"70,000"
작업의 정식,PLAY002,S,2015년 11월 08일,1,현장판매,"37,500"
매디슨 다리,MUSCIAL003,A,2015년 11월 27일,1,현장판매,"90,000"
작업의 정식,PLAY002,C,2015년 12월 10일,1,현장판매,"12,500"
작업의 정식,PLAY002,S,2016년 01월 04일,1,현장판매,"37,500"
Art Stage,CONCERT005,S,2016년 02월 06일,1,현장판매,"105,000"
Art Stage,CONCERT005,A,2016년 02월 25일,1,현장판매,"70,000"
옥탑방,PLAY003,B,2016년 04월 12일,1,현장판매,"16,000"
Room Number,PLAY008,B,2016년 07월 03일,1,현장판매,"17,600"
매디슨 다리,MUSCIAL003,B,2016년 07월 16일,1,현장판매,"72,000"
매디슨 다리,MUSCIAL003,C,2017년 01월 04일,1,현장판매,"45,000"
Art Stage,CONCERT005,R,2017년 01월 25일,1,현장판매,"140,000"
Room Number,PLAY008,C,2017년 02월 05일,1,현장판매,"11,000"
작업의 정식,PLAY002,A,2017년 02월 16일,1,현장판매,"25,000"
Room Number,PLAY008,S,2017년 03월 26일,1,현장판매,"33,000"
옥탑방,PLAY003,A,2017년 04월 21일,1,현장판매,"20,000"
나희의 잡화점,PLAY005,A,2017년 05월 07일,1,현장판매,"28,000"
옥탑방,PLAY003,C,2017년 07월 06일,1,현장판매,"10,000"
Matilada,MUSCIAL001,B,2017년 07월 20일,1,현장판매,"120,000"
매디슨 다리,MUSCIAL003,R,2017년 08월 06일,1,현장판매,"180,000"
BTTS Seoul Tour,CONCERT002,B,2017년 08월 22일,1,현장판매,"1,600,000"
옥탑방,PLAY003,S,2017년 09월 19일,1,현장판매,"30,000"
옥탑방,PLAY003,S,2017년 10월 01일,1,현장판매,"30,000"
나희의 잡화점,PLAY005,R,2017년 12월 29일,1,현장판매,"56,000"
Rocky,MUSCIAL002,B,2018년 01월 19일,1,현장판매,"88,000"
Matilada,MUSCIAL001,S,2018년 02월 11일,1,현장판매,"225,000"
YGG Special,CONCERT003,B,2018년 05월 03일,1,현장판매,"64,000"
나희의 잡화점,PLAY005,R,2018년 06월 15일,1,현장판매,"56,000"
Music Festi,CONCERT005,C,2018년 07월 08일,1,현장판매,"25,000"
옥탑방,PLAY003,B,2018년 07월 27일,1,현장판매,"16,000"
나희의 잡화점,PLAY005,S,2018년 08월 02일,1,현장판매,"42,000"
Art Stage,CONCERT005,S,2018년 08월 08일,1,현장판매,"105,000"
Music Festi,CONCERT005,B,2018년 09월 18일,1,현장판매,"40,000"
매디슨 다리,MUSCIAL003,C,2018년 10월 14일,1,현장판매,"45,000"
Art Stage,CONCERT005,R,2018년 11월 06일,1,현장판매,"140,000"
작업의 정식,PLAY002,C,2018년 11월 12일,1,현장판매,"12,500"
Room Number,PLAY008,B,2018년 12월 30일,1,현장판매,"17,600"
Music Festi,CONCERT005,B,2018년 12월 31일,1,현장판매,"40,000"
작업의 정식,PLAY002,R,2015년 04월 10일,1,홈페이지,"50,000"
나희의 잡화점,PLAY005,S,2015년 04월 24일,1,홈페이지,"42,000"
Room Number,PLAY008,R,2015년 05월 28일,1,홈페이지,"44,000"
옥탑방,PLAY003,A,2015년 07월 05일,1,홈페이지,"20,000"
매디슨 다리,MUSCIAL003,C,2015년 08월 13일,1,홈페이지,"45,000"
YGG Special,CONCERT003,S,2015년 09월 21일,1,홈페이지,"120,000"
Art Stage,CONCERT005,S,2015년 10월 02일,1,홈페이지,"105,000"
작업의 정식,PLAY002,R,2015년 10월 25일,1,홈페이지,"50,000"
매디슨 다리,MUSCIAL003,A,2016년 02월 13일,1,홈페이지,"90,000"
Art Stage,CONCERT005,A,2016년 02월 14일,1,홈페이지,"70,000"
Rocky,MUSCIAL002,A,2016년 04월 27일,1,홈페이지,"110,000"
나희의 잡화점,PLAY005,A,2016년 05월 30일,1,홈페이지,"28,000"
YGG Special,CONCERT003,B,2016년 08월 04일,1,홈페이지,"64,000"
천사 이야기,MUSCIAL004,C,2016년 12월 06일,1,홈페이지,"40,000"
작업의 정식,PLAY002,A,2017년 02월 05일,1,홈페이지,"25,000"
나희의 잡화점,PLAY005,B,2017년 04월 12일,1,홈페이지,"22,400"
작업의 정식,PLAY002,A,2017년 04월 28일,1,홈페이지,"25,000"
매디슨 다리,MUSCIAL003,B,2017년 04월 29일,1,홈페이지,"72,000"
Matilada,MUSCIAL001,C,2017년 05월 23일,1,홈페이지,"75,000"
옥탑방,PLAY003,S,2017년 07월 22일,1,홈페이지,"30,000"
매디슨 다리,MUSCIAL003,C,2017년 08월 09일,1,홈페이지,"45,000"
Art Stage,CONCERT005,C,2018년 03월 04일,1,홈페이지,"35,000"
나희의 잡화점,PLAY005,C,2018년 04월 06일,1,홈페이지,"14,000"
Room Number,PLAY008,B,2018년 04월 26일,1,홈페이지,"17,600"
BTTS Seoul Tour,CONCERT002,A,2018년 05월 06일,1,홈페이지,"2,000,000"
Room Number,PLAY008,C,2018년 08월 09일,1,홈페이지,"11,000"
Rocky,MUSCIAL002,C,2018년 10월 08일,1,홈페이지,"55,000"
천사 이야기,MUSCIAL004,C,2018년 10월 16일,1,홈페이지,"40,000"
나희의 잡화점,PLAY005,A,2018년 10월 26일,1,홈페이지,"28,000"
작업의 정식,PLAY002,B,2015년 05월 21일,4,전화예매,"80,000"
Room Number,PLAY008,A,2015년 06월 26일,4,전화예매,"88,000"
매디슨 다리,MUSCIAL003,A,2015년 07월 04일,4,전화예매,"360,000"
옥탑방,PLAY003,C,2015년 07월 21일,4,전화예매,"40,000"
Art Stage,CONCERT005,B,2015년 08월 16일,4,전화예매,"224,000"
Rocky,MUSCIAL002,R,2015년 09월 25일,4,전화예매,"880,000"
Art Stage,CONCERT005,B,2015년 09월 27일,4,전화예매,"224,000"
Music Festi,CONCERT005,A,2015년 11월 21일,4,전화예매,"200,000"
매디슨 다리,MUSCIAL003,A,2015년 12월 23일,4,전화예매,"360,000"
Matilada,MUSCIAL001,R,2016년 01월 05일,4,전화예매,"1,200,000"
Room Number,PLAY008,R,2016년 01월 07일,4,전화예매,"176,000"
나희의 잡화점,PLAY005,A,2016년 02월 02일,4,전화예매,"112,000"
옥탑방,PLAY003,C,2016년 02월 22일,4,전화예매,"40,000"
옥탑방,PLAY003,S,2016년 05월 12일,4,전화예매,"120,000"
나희의 잡화점,PLAY005,S,2016년 05월 30일,4,전화예매,"168,000"
Music Festi,CONCERT005,C,2016년 08월 11일,4,전화예매,"100,000"
나희의 잡화점,PLAY005,A,2016년 10월 02일,4,전화예매,"112,000"
천사 이야기,MUSCIAL004,C,2016년 11월 26일,4,전화예매,"160,000"
옥탑방,PLAY003,B,2016년 12월 10일,4,전화예매,"64,000"
Rocky,MUSCIAL002,A,2016년 12월 19일,4,전화예매,"440,000"
매디슨 다리,MUSCIAL003,R,2016년 12월 29일,4,전화예매,"720,000"
BTTS Seoul Tour,CONCERT002,A,2017년 01월 26일,4,전화예매,"8,000,000"
옥탑방,PLAY003,C,2017년 02월 08일,4,전화예매,"40,000"
매디슨 다리,MUSCIAL003,C,2017년 02월 14일,4,전화예매,"180,000"
천사 이야기,MUSCIAL004,S,2017년 03월 31일,4,전화예매,"480,000"
작업의 정식,PLAY002,A,2017년 04월 08일,4,전화예매,"100,000"
Room Number,PLAY008,C,2017년 04월 24일,4,전화예매,"44,000"
Rocky,MUSCIAL002,S,2017년 05월 12일,4,전화예매,"660,000"
천사 이야기,MUSCIAL004,B,2017년 09월 30일,4,전화예매,"256,000"
작업의 정식,PLAY002,S,2017년 11월 08일,4,전화예매,"150,000"
옥탑방,PLAY003,A,2018년 02월 15일,4,전화예매,"80,000"
나희의 잡화점,PLAY005,C,2018년 02월 16일,4,전화예매,"56,000"
Art Stage,CONCERT005,S,2018년 03월 14일,4,전화예매,"420,000"
BTTS Seoul Tour,CONCERT002,B,2015년 05월 21일,4,티켓링크(외부),"6,400,000"
BTTS Seoul Tour,CONCERT002,S,2015년 05월 26일,4,티켓링크(외부),"12,000,000"
Music Festi,CONCERT005,S,2015년 06월 26일,4,티켓링크(외부),"300,000"
매디슨 다리,MUSCIAL003,B,2015년 08월 17일,4,티켓링크(외부),"288,000"
Music Festi,CONCERT005,R,2015년 09월 09일,4,티켓링크(외부),"400,000"
YGG Special,CONCERT003,B,2015년 09월 14일,4,티켓링크(외부),"256,000"
옥탑방,PLAY003,A,2015년 11월 04일,4,티켓링크(외부),"80,000"
Room Number,PLAY008,C,2016년 01월 09일,4,티켓링크(외부),"44,000"
Rocky,MUSCIAL002,A,2016년 02월 12일,4,티켓링크(외부),"440,000"
YGG Special,CONCERT003,B,2016년 04월 09일,4,티켓링크(외부),"256,000"
Room Number,PLAY008,B,2016년 04월 17일,4,티켓링크(외부),"70,400"
매디슨 다리,MUSCIAL003,A,2016년 06월 03일,4,티켓링크(외부),"360,000"
작업의 정식,PLAY002,B,2016년 08월 14일,4,티켓링크(외부),"80,000"
BTTS Seoul Tour,CONCERT002,B,2016년 08월 15일,4,티켓링크(외부),"6,400,000"
YGG Special,CONCERT003,B,2016년 09월 07일,4,티켓링크(외부),"256,000"
BTTS Seoul Tour,CONCERT002,C,2016년 10월 13일,4,티켓링크(외부),"4,000,000"
옥탑방,PLAY003,B,2016년 11월 13일,4,티켓링크(외부),"64,000"
YGG Special,CONCERT003,R,2017년 04월 26일,4,티켓링크(외부),"640,000"
매디슨 다리,MUSCIAL003,S,2017년 04월 26일,4,티켓링크(외부),"540,000"
Art Stage,CONCERT005,R,2017년 05월 03일,4,티켓링크(외부),"560,000"
YGG Special,CONCERT003,C,2017년 05월 26일,4,티켓링크(외부),"160,000"
나희의 잡화점,PLAY005,R,2017년 06월 05일,4,티켓링크(외부),"224,000"
Matilada,MUSCIAL001,C,2017년 07월 07일,4,티켓링크(외부),"300,000"
작업의 정식,PLAY002,S,2017년 09월 13일,4,티켓링크(외부),"150,000"
옥탑방,PLAY003,A,2017년 10월 22일,4,티켓링크(외부),"80,000"
매디슨 다리,MUSCIAL003,B,2017년 11월 11일,4,티켓링크(외부),"288,000"
Room Number,PLAY008,S,2018년 02월 10일,4,티켓링크(외부),"132,000"
Room Number,PLAY008,A,2018년 02월 15일,4,티켓링크(외부),"88,000"
BTTS Seoul Tour,CONCERT002,R,2018년 03월 28일,4,티켓링크(외부),"16,000,000"
YGG Special,CONCERT003,R,2018년 06월 05일,4,티켓링크(외부),"640,000"
작업의 정식,PLAY002,S,2018년 06월 22일,4,티켓링크(외부),"150,000"
작업의 정식,PLAY002,B,2018년 06월 25일,4,티켓링크(외부),"80,000"
매디슨 다리,MUSCIAL003,C,2018년 08월 30일,4,티켓링크(외부),"180,000"
나희의 잡화점,PLAY005,A,2018년 09월 08일,4,티켓링크(외부),"112,000"
나희의 잡화점,PLAY005,A,2018년 10월 08일,4,티켓링크(외부),"112,000"
Matilada,MUSCIAL001,C,2018년 11월 19일,4,티켓링크(외부),"300,000"
BTTS Seoul Tour,CONCERT002,S,2018년 12월 24일,4,티켓링크(외부),"12,000,000"
YGG Special,CONCERT003,B,2015년 05월 09일,4,현장판매,"256,000"
Room Number,PLAY008,S,2015년 05월 23일,4,현장판매,"132,000"
BTTS Seoul Tour,CONCERT002,B,2015년 06월 05일,4,현장판매,"6,400,000"
나희의 잡화점,PLAY005,B,2015년 06월 28일,4,현장판매,"89,600"
Art Stage,CONCERT005,C,2015년 07월 30일,4,현장판매,"140,000"
BTTS Seoul Tour,CONCERT002,C,2015년 09월 11일,4,현장판매,"4,000,000"
천사 이야기,MUSCIAL004,R,2015년 09월 16일,4,현장판매,"640,000"
천사 이야기,MUSCIAL004,B,2015년 10월 05일,4,현장판매,"256,000"
옥탑방,PLAY003,S,2015년 10월 13일,4,현장판매,"120,000"
옥탑방,PLAY003,S,2015년 11월 13일,4,현장판매,"120,000"
BTTS Seoul Tour,CONCERT002,C,2015년 12월 03일,4,현장판매,"4,000,000"
Rocky,MUSCIAL002,A,2015년 12월 13일,4,현장판매,"440,000"
BTTS Seoul Tour,CONCERT002,R,2015년 12월 18일,4,현장판매,"16,000,000"
옥탑방,PLAY003,B,2015년 12월 23일,4,현장판매,"64,000"
Music Festi,CONCERT005,R,2016년 01월 02일,4,현장판매,"400,000"
YGG Special,CONCERT003,A,2016년 02월 26일,4,현장판매,"320,000"
BTTS Seoul Tour,CONCERT002,R,2016년 03월 09일,4,현장판매,"16,000,000"
작업의 정식,PLAY002,S,2016년 04월 09일,4,현장판매,"150,000"
Art Stage,CONCERT005,S,2016년 04월 17일,4,현장판매,"420,000"
BTTS Seoul Tour,CONCERT002,S,2016년 06월 01일,4,현장판매,"12,000,000"
Matilada,MUSCIAL001,B,2016년 06월 18일,4,현장판매,"480,000"
매디슨 다리,MUSCIAL003,S,2016년 07월 03일,4,현장판매,"540,000"
Music Festi,CONCERT005,R,2016년 07월 09일,4,현장판매,"400,000"
YGG Special,CONCERT003,A,2016년 07월 10일,4,현장판매,"320,000"
Rocky,MUSCIAL002,S,2016년 08월 09일,4,현장판매,"660,000"
작업의 정식,PLAY002,A,2016년 08월 13일,4,현장판매,"100,000"
Music Festi,CONCERT005,C,2016년 10월 11일,4,현장판매,"100,000"
천사 이야기,MUSCIAL004,A,2016년 10월 24일,4,현장판매,"320,000"
Music Festi,CONCERT005,B,2016년 10월 25일,4,현장판매,"160,000"
YGG Special,CONCERT003,R,2016년 10월 27일,4,현장판매,"640,000"
작업의 정식,PLAY002,R,2017년 01월 07일,4,현장판매,"200,000"
옥탑방,PLAY003,B,2017년 01월 13일,4,현장판매,"64,000"
Room Number,PLAY008,A,2017년 01월 18일,4,현장판매,"88,000"
Rocky,MUSCIAL002,R,2017년 01월 19일,4,현장판매,"880,000"
천사 이야기,MUSCIAL004,S,2017년 05월 25일,4,현장판매,"480,000"
옥탑방,PLAY003,C,2017년 06월 12일,4,현장판매,"40,000"
Art Stage,CONCERT005,C,2017년 07월 23일,4,현장판매,"140,000"
매디슨 다리,MUSCIAL003,S,2017년 07월 29일,4,현장판매,"540,000"
Art Stage,CONCERT005,C,2017년 08월 12일,4,현장판매,"140,000"
작업의 정식,PLAY002,S,2017년 09월 22일,4,현장판매,"150,000"
YGG Special,CONCERT003,S,2017년 11월 29일,4,현장판매,"480,000"
Art Stage,CONCERT005,B,2017년 12월 19일,4,현장판매,"224,000"
나희의 잡화점,PLAY005,S,2018년 01월 23일,4,현장판매,"168,000"
옥탑방,PLAY003,R,2018년 02월 11일,4,현장판매,"160,000"
옥탑방,PLAY003,B,2018년 03월 21일,4,현장판매,"64,000"
천사 이야기,MUSCIAL004,S,2018년 04월 06일,4,현장판매,"480,000"
Matilada,MUSCIAL001,S,2018년 04월 24일,4,현장판매,"900,000"
옥탑방,PLAY003,A,2018년 05월 01일,4,현장판매,"80,000"
BTTS Seoul Tour,CONCERT002,A,2018년 08월 06일,4,현장판매,"8,000,000"
YGG Special,CONCERT003,B,2015년 04월 12일,4,홈페이지,"256,000"
Room Number,PLAY008,B,2015년 05월 06일,4,홈페이지,"70,400"
매디슨 다리,MUSCIAL003,S,2015년 05월 12일,4,홈페이지,"540,000"
Room Number,PLAY008,A,2015년 07월 06일,4,홈페이지,"88,000"
Matilada,MUSCIAL001,B,2015년 08월 02일,4,홈페이지,"480,000"
나희의 잡화점,PLAY005,B,2015년 10월 11일,4,홈페이지,"89,600"
작업의 정식,PLAY002,S,2015년 12월 10일,4,홈페이지,"150,000"
Art Stage,CONCERT005,B,2015년 12월 15일,4,홈페이지,"224,000"
매디슨 다리,MUSCIAL003,C,2016년 01월 02일,4,홈페이지,"180,000"
옥탑방,PLAY003,S,2016년 01월 31일,4,홈페이지,"120,000"
작업의 정식,PLAY002,R,2016년 02월 01일,4,홈페이지,"200,000"
Rocky,MUSCIAL002,B,2016년 04월 10일,4,홈페이지,"352,000"
Matilada,MUSCIAL001,S,2016년 08월 31일,4,홈페이지,"900,000"
BTTS Seoul Tour,CONCERT002,A,2016년 09월 05일,4,홈페이지,"8,000,000"
Rocky,MUSCIAL002,C,2016년 09월 09일,4,홈페이지,"220,000"
천사 이야기,MUSCIAL004,A,2016년 10월 04일,4,홈페이지,"320,000"
Music Festi,CONCERT005,A,2016년 11월 21일,4,홈페이지,"200,000"
Rocky,MUSCIAL002,C,2017년 01월 20일,4,홈페이지,"220,000"
나희의 잡화점,PLAY005,S,2017년 03월 17일,4,홈페이지,"168,000"
YGG Special,CONCERT003,A,2017년 04월 09일,4,홈페이지,"320,000"
천사 이야기,MUSCIAL004,B,2017년 05월 15일,4,홈페이지,"256,000"
Art Stage,CONCERT005,S,2017년 05월 29일,4,홈페이지,"420,000"
BTTS Seoul Tour,CONCERT002,S,2017년 06월 23일,4,홈페이지,"12,000,000"
옥탑방,PLAY003,B,2017년 08월 09일,4,홈페이지,"64,000"
천사 이야기,MUSCIAL004,S,2017년 08월 24일,4,홈페이지,"480,000"
Matilada,MUSCIAL001,B,2017년 11월 03일,4,홈페이지,"480,000"
Music Festi,CONCERT005,S,2018년 01월 16일,4,홈페이지,"300,000"
매디슨 다리,MUSCIAL003,S,2018년 03월 04일,4,홈페이지,"540,000"
옥탑방,PLAY003,S,2018년 03월 05일,4,홈페이지,"120,000"
옥탑방,PLAY003,B,2018년 03월 30일,4,홈페이지,"64,000"
YGG Special,CONCERT003,C,2018년 11월 19일,4,홈페이지,"160,000"
Room Number,PLAY008,R,2018년 12월 24일,4,홈페이지,"176,000"
Matilada,MUSCIAL001,S,2018년 12월 24일,4,홈페이지,"900,000"
천사 이야기,MUSCIAL004,S,2018년 12월 24일,4,홈페이지,"480,000"
Rocky,MUSCIAL002,S,2018년 12월 24일,4,홈페이지,"660,000"
나희의 잡화점,PLAY005,R,2018년 12월 24일,4,홈페이지,"224,000"
Rocky,MUSCIAL002,R,2018년 12월 24일,4,홈페이지,"880,000"
YGG Special,CONCERT003,A,2018년 12월 24일,4,홈페이지,"320,000"
YGG Special,CONCERT003,A,2018년 12월 24일,4,홈페이지,"320,000"
Matilada,MUSCIAL001,S,2015년 06월 19일,5,전화예매,"1,125,000"
나희의 잡화점,PLAY005,B,2015년 10월 25일,5,전화예매,"112,000"
Room Number,PLAY008,S,2015년 12월 29일,5,전화예매,"165,000"
나희의 잡화점,PLAY005,C,2016년 01월 08일,5,전화예매,"70,000"
Music Festi,CONCERT005,B,2016년 01월 12일,5,전화예매,"200,000"
Music Festi,CONCERT005,B,2016년 01월 31일,5,전화예매,"200,000"
작업의 정식,PLAY002,A,2016년 02월 10일,5,전화예매,"125,000"
작업의 정식,PLAY002,S,2016년 06월 05일,5,전화예매,"187,500"
Matilada,MUSCIAL001,R,2016년 06월 09일,5,전화예매,"1,500,000"
Music Festi,CONCERT005,R,2016년 08월 06일,5,전화예매,"500,000"
옥탑방,PLAY003,S,2016년 08월 18일,5,전화예매,"150,000"
Rocky,MUSCIAL002,B,2016년 09월 12일,5,전화예매,"440,000"
옥탑방,PLAY003,S,2016년 12월 03일,5,전화예매,"150,000"
YGG Special,CONCERT003,C,2016년 12월 28일,5,전화예매,"200,000"
YGG Special,CONCERT003,S,2017년 01월 13일,5,전화예매,"600,000"
YGG Special,CONCERT003,A,2017년 02월 22일,5,전화예매,"400,000"
옥탑방,PLAY003,B,2017년 03월 02일,5,전화예매,"80,000"
BTTS Seoul Tour,CONCERT002,R,2017년 06월 07일,5,전화예매,"20,000,000"
Rocky,MUSCIAL002,B,2017년 09월 02일,5,전화예매,"440,000"
Room Number,PLAY008,C,2017년 10월 08일,5,전화예매,"55,000"
Music Festi,CONCERT005,R,2017년 11월 19일,5,전화예매,"500,000"
나희의 잡화점,PLAY005,S,2017년 12월 16일,5,전화예매,"210,000"
BTTS Seoul Tour,CONCERT002,A,2017년 12월 18일,5,전화예매,"10,000,000"
천사 이야기,MUSCIAL004,S,2018년 02월 05일,5,전화예매,"600,000"
YGG Special,CONCERT003,S,2018년 02월 05일,5,전화예매,"600,000"
Room Number,PLAY008,S,2018년 04월 02일,5,전화예매,"165,000"
Room Number,PLAY008,C,2018년 05월 04일,5,전화예매,"55,000"
매디슨 다리,MUSCIAL003,S,2018년 05월 07일,5,전화예매,"675,000"
매디슨 다리,MUSCIAL003,B,2018년 06월 13일,5,전화예매,"360,000"
매디슨 다리,MUSCIAL003,B,2018년 06월 30일,5,전화예매,"360,000"
나희의 잡화점,PLAY005,C,2018년 07월 31일,5,전화예매,"70,000"
나희의 잡화점,PLAY005,A,2018년 08월 29일,5,전화예매,"140,000"
옥탑방,PLAY003,S,2018년 09월 08일,5,전화예매,"150,000"
나희의 잡화점,PLAY005,C,2018년 10월 20일,5,전화예매,"70,000"
Room Number,PLAY008,S,2018년 10월 27일,5,전화예매,"165,000"
Music Festi,CONCERT005,A,2018년 10월 29일,5,전화예매,"250,000"
Art Stage,CONCERT005,R,2018년 11월 04일,5,전화예매,"700,000"
Room Number,PLAY008,S,2018년 12월 23일,5,전화예매,"165,000"
작업의 정식,PLAY002,S,2018년 12월 26일,5,전화예매,"187,500"
옥탑방,PLAY003,C,2015년 05월 12일,5,티켓링크(외부),"50,000"
옥탑방,PLAY003,B,2015년 05월 16일,5,티켓링크(외부),"80,000"
YGG Special,CONCERT003,A,2015년 06월 04일,5,티켓링크(외부),"400,000"
Matilada,MUSCIAL001,S,2015년 06월 18일,5,티켓링크(외부),"1,125,000"
Art Stage,CONCERT005,S,2015년 06월 19일,5,티켓링크(외부),"525,000"
나희의 잡화점,PLAY005,B,2015년 07월 01일,5,티켓링크(외부),"112,000"
YGG Special,CONCERT003,S,2015년 07월 15일,5,티켓링크(외부),"600,000"
Music Festi,CONCERT005,S,2015년 08월 26일,5,티켓링크(외부),"375,000"
Rocky,MUSCIAL002,A,2015년 09월 24일,5,티켓링크(외부),"550,000"
Room Number,PLAY008,C,2015년 11월 10일,5,티켓링크(외부),"55,000"
Room Number,PLAY008,S,2016년 01월 18일,5,티켓링크(외부),"165,000"
Art Stage,CONCERT005,C,2016년 02월 20일,5,티켓링크(외부),"175,000"
Music Festi,CONCERT005,S,2016년 04월 01일,5,티켓링크(외부),"375,000"
작업의 정식,PLAY002,R,2016년 06월 10일,5,티켓링크(외부),"250,000"
Matilada,MUSCIAL001,B,2016년 08월 05일,5,티켓링크(외부),"600,000"
YGG Special,CONCERT003,A,2016년 08월 23일,5,티켓링크(외부),"400,000"
BTTS Seoul Tour,CONCERT002,R,2016년 09월 01일,5,티켓링크(외부),"20,000,000"
천사 이야기,MUSCIAL004,B,2016년 09월 27일,5,티켓링크(외부),"320,000"
나희의 잡화점,PLAY005,B,2016년 11월 06일,5,티켓링크(외부),"112,000"
Rocky,MUSCIAL002,B,2016년 12월 04일,5,티켓링크(외부),"440,000"
Room Number,PLAY008,S,2017년 01월 21일,5,티켓링크(외부),"165,000"
Room Number,PLAY008,A,2017년 03월 16일,5,티켓링크(외부),"110,000"
나희의 잡화점,PLAY005,B,2017년 08월 14일,5,티켓링크(외부),"112,000"
Music Festi,CONCERT005,C,2017년 08월 22일,5,티켓링크(외부),"125,000"
Room Number,PLAY008,C,2017년 08월 25일,5,티켓링크(외부),"55,000"
작업의 정식,PLAY002,C,2018년 01월 18일,5,티켓링크(외부),"62,500"
Matilada,MUSCIAL001,S,2018년 02월 11일,5,티켓링크(외부),"1,125,000"
Art Stage,CONCERT005,S,2018년 02월 23일,5,티켓링크(외부),"525,000"
YGG Special,CONCERT003,B,2018년 03월 03일,5,티켓링크(외부),"320,000"
YGG Special,CONCERT003,A,2018년 03월 05일,5,티켓링크(외부),"400,000"
나희의 잡화점,PLAY005,C,2018년 04월 01일,5,티켓링크(외부),"70,000"
Art Stage,CONCERT005,R,2018년 06월 06일,5,티켓링크(외부),"700,000"
Music Festi,CONCERT005,B,2018년 07월 05일,5,티켓링크(외부),"200,000"
Rocky,MUSCIAL002,R,2018년 07월 19일,5,티켓링크(외부),"1,100,000"
매디슨 다리,MUSCIAL003,A,2018년 09월 20일,5,티켓링크(외부),"450,000"
BTTS Seoul Tour,CONCERT002,S,2018년 10월 01일,5,티켓링크(외부),"15,000,000"
매디슨 다리,MUSCIAL003,S,2018년 12월 23일,5,티켓링크(외부),"675,000"
Art Stage,CONCERT005,A,2015년 08월 11일,5,현장판매,"350,000"
옥탑방,PLAY003,R,2015년 08월 14일,5,현장판매,"200,000"
Music Festi,CONCERT005,S,2015년 08월 24일,5,현장판매,"375,000"
작업의 정식,PLAY002,A,2015년 09월 10일,5,현장판매,"125,000"
Art Stage,CONCERT005,A,2015년 09월 16일,5,현장판매,"350,000"
Matilada,MUSCIAL001,B,2015년 10월 22일,5,현장판매,"600,000"
Matilada,MUSCIAL001,R,2015년 12월 24일,5,현장판매,"1,500,000"
Art Stage,CONCERT005,A,2015년 12월 27일,5,현장판매,"350,000"
Rocky,MUSCIAL002,C,2016년 01월 08일,5,현장판매,"275,000"
Art Stage,CONCERT005,B,2016년 03월 25일,5,현장판매,"280,000"
Rocky,MUSCIAL002,B,2016년 05월 14일,5,현장판매,"440,000"
천사 이야기,MUSCIAL004,B,2016년 07월 03일,5,현장판매,"320,000"
Rocky,MUSCIAL002,S,2016년 07월 28일,5,현장판매,"825,000"
Matilada,MUSCIAL001,A,2016년 09월 29일,5,현장판매,"750,000"
YGG Special,CONCERT003,S,2016년 10월 05일,5,현장판매,"600,000"
작업의 정식,PLAY002,B,2016년 10월 19일,5,현장판매,"100,000"
Rocky,MUSCIAL002,S,2016년 10월 29일,5,현장판매,"825,000"
Rocky,MUSCIAL002,C,2017년 02월 18일,5,현장판매,"275,000"
천사 이야기,MUSCIAL004,B,2017년 03월 28일,5,현장판매,"320,000"
Art Stage,CONCERT005,S,2017년 04월 02일,5,현장판매,"525,000"
Music Festi,CONCERT005,S,2017년 04월 07일,5,현장판매,"375,000"
Music Festi,CONCERT005,A,2017년 07월 17일,5,현장판매,"250,000"
BTTS Seoul Tour,CONCERT002,S,2017년 08월 05일,5,현장판매,"15,000,000"
매디슨 다리,MUSCIAL003,R,2017년 08월 26일,5,현장판매,"900,000"
매디슨 다리,MUSCIAL003,R,2017년 08월 28일,5,현장판매,"900,000"
천사 이야기,MUSCIAL004,B,2017년 09월 26일,5,현장판매,"320,000"
Matilada,MUSCIAL001,C,2017년 10월 29일,5,현장판매,"375,000"
BTTS Seoul Tour,CONCERT002,R,2017년 11월 19일,5,현장판매,"20,000,000"
Room Number,PLAY008,B,2018년 02월 16일,5,현장판매,"88,000"
Room Number,PLAY008,B,2018년 04월 07일,5,현장판매,"88,000"
Matilada,MUSCIAL001,S,2018년 05월 03일,5,현장판매,"1,125,000"
Matilada,MUSCIAL001,C,2018년 06월 30일,5,현장판매,"375,000"
천사 이야기,MUSCIAL004,S,2018년 07월 06일,5,현장판매,"600,000"
Matilada,MUSCIAL001,R,2018년 08월 13일,5,현장판매,"1,500,000"
매디슨 다리,MUSCIAL003,S,2018년 09월 17일,5,현장판매,"675,000"
Matilada,MUSCIAL001,B,2018년 09월 20일,5,현장판매,"600,000"
Matilada,MUSCIAL001,A,2018년 10월 09일,5,현장판매,"750,000"
작업의 정식,PLAY002,C,2018년 10월 14일,5,현장판매,"62,500"
옥탑방,PLAY003,S,2018년 10월 24일,5,현장판매,"150,000"
옥탑방,PLAY003,A,2018년 10월 30일,5,현장판매,"100,000"
Music Festi,CONCERT005,S,2018년 11월 11일,5,현장판매,"375,000"
Music Festi,CONCERT005,C,2015년 04월 21일,5,홈페이지,"125,000"
작업의 정식,PLAY002,B,2015년 06월 26일,5,홈페이지,"100,000"
YGG Special,CONCERT003,B,2015년 11월 28일,5,홈페이지,"320,000"
Rocky,MUSCIAL002,S,2016년 01월 14일,5,홈페이지,"825,000"
Matilada,MUSCIAL001,R,2016년 01월 17일,5,홈페이지,"1,500,000"
작업의 정식,PLAY002,S,2016년 04월 09일,5,홈페이지,"187,500"
매디슨 다리,MUSCIAL003,B,2016년 04월 19일,5,홈페이지,"360,000"
천사 이야기,MUSCIAL004,A,2016년 05월 19일,5,홈페이지,"400,000"
매디슨 다리,MUSCIAL003,C,2016년 06월 02일,5,홈페이지,"225,000"
천사 이야기,MUSCIAL004,B,2016년 07월 16일,5,홈페이지,"320,000"
Art Stage,CONCERT005,R,2016년 08월 05일,5,홈페이지,"700,000"
Room Number,PLAY008,B,2016년 09월 06일,5,홈페이지,"88,000"
Music Festi,CONCERT005,C,2016년 10월 07일,5,홈페이지,"125,000"
작업의 정식,PLAY002,C,2016년 10월 31일,5,홈페이지,"62,500"
매디슨 다리,MUSCIAL003,C,2016년 11월 23일,5,홈페이지,"225,000"
천사 이야기,MUSCIAL004,R,2017년 02월 03일,5,홈페이지,"800,000"
Room Number,PLAY008,C,2017년 04월 16일,5,홈페이지,"55,000"
옥탑방,PLAY003,C,2017년 05월 02일,5,홈페이지,"50,000"
Art Stage,CONCERT005,S,2017년 06월 18일,5,홈페이지,"525,000"
Art Stage,CONCERT005,B,2017년 08월 25일,5,홈페이지,"280,000"
YGG Special,CONCERT003,S,2017년 09월 05일,5,홈페이지,"600,000"
Room Number,PLAY008,A,2017년 09월 17일,5,홈페이지,"110,000"
Room Number,PLAY008,B,2017년 10월 01일,5,홈페이지,"88,000"
Art Stage,CONCERT005,C,2017년 10월 07일,5,홈페이지,"175,000"
작업의 정식,PLAY002,B,2017년 11월 08일,5,홈페이지,"100,000"
YGG Special,CONCERT003,S,2018년 01월 22일,5,홈페이지,"600,000"
천사 이야기,MUSCIAL004,S,2018년 03월 31일,5,홈페이지,"600,000"
작업의 정식,PLAY002,B,2018년 07월 02일,5,홈페이지,"100,000"
Music Festi,CONCERT005,A,2018년 07월 20일,5,홈페이지,"250,000"
매디슨 다리,MUSCIAL003,R,2018년 07월 27일,5,홈페이지,"900,000"
Rocky,MUSCIAL002,A,2018년 10월 27일,5,홈페이지,"550,000"
Rocky,MUSCIAL002,S,2018년 12월 24일,5,홈페이지,"825,000"
